id,name,homepage_url,repo_url,category,subcategory,tool_subcategory
rqlite,RQLite,,https://github.com/rqlite/rqlite,Databases,Relational,
tidb,TiDB,,https://github.com/pingcap/tidb,Databases,Relational,MySQL
perconaxtrabackup,Percona XtraBackup,https://www.percona.com/software/mysql-database/percona-xtrabackup,,Databases,Relational,MySQL
mysql_utils,mysql_utils,,https://github.com/pinterest/mysql_utils,Databases,Relational,MySQL
mysql,MySQL,https://www.mysql.com/,,Databases,Relational,MySQL
mariadb,MariaDB,https://mariadb.org/,,Databases,Relational,
postgresql,PostgreSQL,https://www.postgresql.org/,,Databases,Relational,
amazonrds,Amazon RDS,https://aws.amazon.com/rds/,,Databases,Relational,
crate.io,Crate.IO,https://crate.io/,,Databases,Relational,
redis,Redis,https://redis.io/,,Databases,Key-Value,
riak,Riak,http://docs.basho.com/riak/kv/,,Databases,Key-Value,
awsdynamodb,AWS DynamoDB,https://aws.amazon.com/dynamodb/,,Databases,Key-Value,
hyperdex,HyperDex,,https://github.com/rescrv/HyperDex,Databases,Key-Value,
ssdb,SSDB,http://ssdb.io,,Databases,Key-Value,
kyototycoon,Kyoto Tycoon,,https://github.com/alticelabs/kyoto,Databases,Key-Value,
iondb,IonDB,,https://github.com/iondbproject/iondb,Databases,Key-Value,
cassandracalculator,Cassandra Calculator,https://www.ecyrd.com/cassandracalculator/,,Databases,Column,Cassandra
ccm,CCM,,https://github.com/pcmanus/ccm,Databases,Column,Cassandra
scylladb,ScyllaDB,,https://github.com/scylladb/scylla,Databases,Column,Cassandra
cassandra,Cassandra,https://cassandra.apache.org/,,Databases,Column,Cassandra
hbase,HBase,https://hbase.apache.org/,,Databases,Column,
awsredshift,AWS Redshift,https://aws.amazon.com/redshift/,,Databases,Column,
filodb,FiloDB,,https://github.com/filodb/FiloDB,Databases,Column,
vertica,Vertica,https://www.vertica.com,,Databases,Column,
clickhouse,ClickHouse,https://clickhouse.tech,,Databases,Column,
perconaserverformongodb,Percona Server for MongoDB,https://www.percona.com/software/mongo-database/percona-server-for-mongodb,,Databases,Document,MongoDB
memdb,MemDB,,https://github.com/rain1017/memdb,Databases,Document,MongoDB
mongodb,MongoDB,https://www.mongodb.com,,Databases,Document,MongoDB
elasticsearch,Elasticsearch,https://www.elastic.co/,,Databases,Document,
couchbase,Couchbase,https://www.couchbase.com/,,Databases,Document,
rethinkdb,RethinkDB,https://rethinkdb.com/,,Databases,Document,
ravendb,RavenDB,https://ravendb.net/,,Databases,Document,
neo4j,Neo4j,https://neo4j.com/,,Databases,Graph,
orientdb,OrientDB,https://orientdb.com,,Databases,Graph,
arangodb,ArangoDB,https://www.arangodb.com/,,Databases,Graph,
titan,Titan,https://titan.thinkaurelius.com,,Databases,Graph,
flockdb,FlockDB,,https://github.com/twitter-archive/flockdb,Databases,Graph,
datomic,DAtomic,https://www.datomic.com,,Databases,Distributed,
apachegeode,Apache Geode,https://geode.apache.org/,,Databases,Distributed,
gaffer,Gaffer,,https://github.com/gchq/Gaffer,Databases,Distributed,
influxdb,InfluxDB,,https://github.com/influxdata/influxdb,Databases,Timeseries,
opentsdb,OpenTSDB,,https://github.com/OpenTSDB/opentsdb,Databases,Timeseries,
questdb,QuestDB,https://questdb.io/,,Databases,Timeseries,
kairosdb,kairosdb,,https://github.com/kairosdb/kairosdb,Databases,Timeseries,
heroic,Heroic,,https://github.com/spotify/heroic,Databases,Timeseries,
druid,Druid,,https://github.com/apache/incubator-druid,Databases,Timeseries,
riak-ts,Riak-TS,http://basho.com/products/riak-ts/,,Databases,Timeseries,
akumuli,Akumuli,,https://github.com/akumuli/Akumuli,Databases,Timeseries,
rhombus,Rhombus,,https://github.com/Pardot/Rhombus,Databases,Timeseries,
dalmatinerdb,Dalmatiner DB,,https://github.com/dalmatinerdb/dalmatinerdb,Databases,Timeseries,
blueflood,Blueflood,,https://github.com/rackerlabs/blueflood,Databases,Timeseries,
timely,Timely,,https://github.com/NationalSecurityAgency/timely,Databases,Timeseries,
tarantool,Tarantool,,https://github.com/tarantool/tarantool/,Databases,Other,
greenplum,GreenPlum,,https://github.com/greenplum-db/gpdb,Databases,Other,
cayley,cayley,,https://github.com/cayleygraph/cayley,Databases,Other,
snappydata,Snappydata,,https://github.com/SnappyDataInc/snappydata,Databases,Other,
timescaledb,TimescaleDB,https://www.timescale.com/,,Databases,Other,
awskinesis,AWS Kinesis,https://aws.amazon.com/kinesis/,,Data Ingestion,,
rabbitmq,RabbitMQ,https://www.rabbitmq.com/,,Data Ingestion,,
fluentd,FluentD,https://www.fluentd.org,,Data Ingestion,,
embulk,Embulk,https://www.embulk.org,,Data Ingestion,,
apachesqoop,Apache Sqoop,https://sqoop.apache.org,,Data Ingestion,,
heka,Heka,,https://github.com/mozilla-services/heka,Data Ingestion,,
gobblin,Gobblin,,https://github.com/apache/incubator-gobblin,Data Ingestion,,
nakadi,Nakadi,https://nakadi.io,,Data Ingestion,,
pravega,Pravega,http://www.pravega.io,,Data Ingestion,,
apachepulsar,Apache Pulsar,https://pulsar.apache.org/,,Data Ingestion,,
awsdatawranlger,AWS Data Wranlger,,https://github.com/awslabs/aws-data-wrangler,Data Ingestion,,
bottledwater,BottledWater,,https://github.com/confluentinc/bottledwater-pg,Data Ingestion,Kafka,
kafkat,kafkat,,https://github.com/airbnb/kafkat,Data Ingestion,Kafka,
kafkacat,kafkacat,,https://github.com/edenhill/kafkacat,Data Ingestion,Kafka,
pg-kafka,pg-kafka,,https://github.com/xstevens/pg_kafka,Data Ingestion,Kafka,
librdkafka,librdkafka,,https://github.com/edenhill/librdkafka,Data Ingestion,Kafka,
kafka-docker,kafka-docker,,https://github.com/wurstmeister/kafka-docker,Data Ingestion,Kafka,
kafka-manager,kafka-manager,,https://github.com/yahoo/kafka-manager,Data Ingestion,Kafka,
kafka-node,kafka-node,,https://github.com/SOHU-Co/kafka-node,Data Ingestion,Kafka,
secor,Secor,,https://github.com/pinterest/secor,Data Ingestion,Kafka,
kafka-logger,Kafka-logger,,https://github.com/uber/kafka-logger,Data Ingestion,Kafka,
kafka,Kafka,https://kafka.apache.org/,,Data Ingestion,Kafka,
alluxio,Alluxio,https://www.alluxio.org/,,File System,,
ceph,CEPH,https://ceph.com/,,File System,,
orangefs,OrangeFS,https://www.orangefs.org/,,File System,,
snackfs,SnackFS,,https://github.com/tuplejump/snackfs-release,File System,,
glusterfs,GlusterFS,https://www.gluster.org/,,File System,,
xtreemfs,XtreemFS,http://www.xtreemfs.org/,,File System,,
seaweedfs,SeaweedFS,,https://github.com/chrislusf/seaweedfs,File System,,
s3ql,S3QL,,https://github.com/s3ql/s3ql/,File System,,
lizardfs,LizardFS,https://lizardfs.com/,,File System,,
snakebite,Snakebite,,https://github.com/spotify/snakebite,File System,HDFS,
hdfs,HDFS,https://hadoop.apache.org/docs/current/hadoop-project-dist/hadoop-hdfs/HdfsDesign.html,,File System,HDFS,
smart_open,smart_open,,https://github.com/RaRe-Technologies/smart_open,File System,AWS S3,
awss3,AWS S3,https://aws.amazon.com/s3/,,File System,AWS S3,
apacheavro,Apache Avro,https://avro.apache.org,,Serialization format,,
apacheorc,Apache ORC,https://orc.apache.org/,,Serialization format,,
apachethrift,Apache Thrift,https://thrift.apache.org,,Serialization format,,
protobuf,ProtoBuf,,https://github.com/protocolbuffers/protobuf,Serialization format,,
sequencefile,SequenceFile,https://wiki.apache.org/hadoop/SequenceFile,,Serialization format,,
kryo,Kryo,,https://github.com/EsotericSoftware/kryo,Serialization format,,
snappy,Snappy,,https://github.com/google/snappy,Serialization format,Apache Parquet,
pigz,PigZ,https://zlib.net/pigz/,,Serialization format,Apache Parquet,
apacheparquet,Apache Parquet,https://parquet.apache.org,,Serialization format,Apache Parquet,
apachebeam,Apache Beam,https://beam.apache.org/,,Stream Processing,,
sparkstreaming,Spark Streaming,https://spark.apache.org/streaming/,,Stream Processing,,
apacheflink,Apache Flink,https://flink.apache.org/,,Stream Processing,,
apachestorm,Apache Storm,https://storm.apache.org,,Stream Processing,,
apachesamza,Apache Samza,https://samza.apache.org,,Stream Processing,,
apachenifi,Apache NiFi,https://nifi.apache.org/,,Stream Processing,,
apachehudi,Apache Hudi,https://hudi.apache.org/,,Stream Processing,,
voltdb,VoltDB,https://voltdb.com/,,Stream Processing,,
pipelinedb,PipelineDB,,https://github.com/pipelinedb/pipelinedb,Stream Processing,,
springclouddataflow,Spring Cloud Dataflow,https://cloud.spring.io/spring-cloud-dataflow/,,Stream Processing,,
bonobo,Bonobo,https://www.bonobo-project.org/,,Stream Processing,,
robinhood'sfaust,Robinhood's Faust,,https://github.com/faust-streaming/faust,Stream Processing,,
hstreamdb,HStreamDB,,https://github.com/hstreamdb/hstream,Stream Processing,,
kuiper,Kuiper,,https://github.com/emqx/kuiper,Stream Processing,,
hadoopmapreduce,Hadoop MapReduce,https://hadoop.apache.org/docs/current/hadoop-mapreduce-client/hadoop-mapreduce-client-core/MapReduceTutorial.html,,Batch Processing,,
awsemr,AWS EMR,https://aws.amazon.com/emr/,,Batch Processing,,
tez,Tez,https://tez.apache.org/,,Batch Processing,,
bistro,Bistro,,https://github.com/asavinov/bistro,Batch Processing,,
sparkpackages,Spark Packages,https://spark-packages.org,,Batch Processing,Spark,
deepspark,Deep Spark,,https://github.com/Stratio/deep-spark,Batch Processing,Spark,
sparkrddapiexamples,Spark RDD API Examples,http://homepage.cs.latrobe.edu.au/zhe/ZhenHeSparkRDDAPIExamples.html,,Batch Processing,Spark,
livy,Livy,https://livy.incubator.apache.org,,Batch Processing,Spark,
spark,Spark,https://spark.apache.org/,,Batch Processing,Spark,
h2o,H2O,https://www.h2o.ai/,,Batch Processing,Batch ML,
mahout,Mahout,https://mahout.apache.org/,,Batch Processing,Batch ML,
sparkmllib,Spark MLlib,https://spark.apache.org/docs/latest/ml-guide.html,,Batch Processing,Batch ML,
graphlabcreate,GraphLab Create,https://turi.com/products/create/docs/,,Batch Processing,Batch Graph,
giraph,Giraph,https://giraph.apache.org/,,Batch Processing,Batch Graph,
sparkgraphx,Spark GraphX,https://spark.apache.org/graphx/,,Batch Processing,Batch Graph,
presto,Presto,https://prestodb.github.io/docs/current/index.html,,Batch Processing,Batch SQL,
hivemall,Hivemall,,https://github.com/apache/incubator-hivemall,Batch Processing,Batch SQL,Hive
pyhive,PyHive,,https://github.com/dropbox/PyHive,Batch Processing,Batch SQL,Hive
hive,Hive,https://hive.apache.org,,Batch Processing,Batch SQL,Hive
drill,Drill,https://drill.apache.org/,,Batch Processing,Batch SQL,
highcharts,Highcharts,https://www.highcharts.com/,,Charts and Dashboards,,
zingchart,ZingChart,https://www.zingchart.com/,,Charts and Dashboards,,
c3.js,C3.js,https://c3js.org,,Charts and Dashboards,,
smoothiecharts,SmoothieCharts,http://smoothiecharts.org,,Charts and Dashboards,,
pyxley,PyXley,,https://github.com/stitchfix/pyxley,Charts and Dashboards,,
plotly,Plotly,,https://github.com/plotly/dash,Charts and Dashboards,,
apachesuperset,Apache Superset,,https://github.com/apache/incubator-superset,Charts and Dashboards,,
redash,Redash,https://redash.io/,,Charts and Dashboards,,
metabase,Metabase,,https://github.com/metabase/metabase,Charts and Dashboards,,
pyqtgraph,PyQtGraph,http://www.pyqtgraph.org/,,Charts and Dashboards,,
d3plus,D3Plus,https://d3plus.org,,Charts and Dashboards,D3.js,
d3.js,D3.js,https://d3js.org/,,Charts and Dashboards,D3.js,
cascading,Cascading,https://www.cascading.org/,,Workflow,,
airflow,Airflow,,https://github.com/apache/airflow,Workflow,,
azkaban,Azkaban,https://azkaban.github.io/,,Workflow,,
oozie,Oozie,https://oozie.apache.org/,,Workflow,,
pinball,Pinball,,https://github.com/pinterest/pinball,Workflow,,
dagster,Dagster,,https://github.com/dagster-io/dagster,Workflow,,
dataform,Dataform,https://dataform.co/,,Workflow,,
census,Census,https://getcensus.com/,,Workflow,,
dbt,dbt,https://getdbt.com/,,Workflow,,
cronq,CronQ,,https://github.com/seatgeek/cronq,Workflow,Luigi,
luigi,Luigi,,https://github.com/spotify/luigi,Workflow,Luigi,
lakefs,lakeFS,,https://github.com/treeverse/lakeFS,Data Lake Management,,
docker-logstash,docker-logstash,,https://github.com/pblittle/docker-logstash,ELK Elastic Logstash Kibana,,
elasticsearch-jdbc,elasticsearch-jdbc,,https://github.com/jprante/elasticsearch-jdbc,ELK Elastic Logstash Kibana,,
zombodb,ZomboDB,,https://github.com/zombodb/zombodb,ELK Elastic Logstash Kibana,,
gockerize,Gockerize,,https://github.com/redbooth/gockerize,Docker,,
flocker,Flocker,,https://github.com/ClusterHQ/flocker,Docker,,
rancher,Rancher,https://rancher.com/rancher-os/,,Docker,,
kontena,Kontena,https://www.kontena.io/,,Docker,,
weave,Weave,,https://github.com/weaveworks/weave,Docker,,
zodiac,Zodiac,,https://github.com/CenturyLinkLabs/zodiac,Docker,,
cadvisor,cAdvisor,,https://github.com/google/cadvisor,Docker,,
micros3persistence,Micro S3 persistence,,https://github.com/figadore/micro-s3-persistence,Docker,,
rocker-compose,Rocker-compose,,https://github.com/grammarly/rocker-compose,Docker,,
nomad,Nomad,,https://github.com/hashicorp/nomad,Docker,,
imagelayers,ImageLayers,https://imagelayers.io/,,Docker,,
twitterrealtime,Twitter Realtime,https://developer.twitter.com/en/docs/tweets/filter-realtime/overview,,Realtime,,
eventsim,Eventsim,,https://github.com/Interana/eventsim,Realtime,,
reddit,Reddit,https://www.reddit.com/r/datasets/comments/3mk1vg/realtime_data_is_available_including_comments/,,Realtime,,
githubarchive,GitHub Archive,https://www.gharchive.org/,,Data Dumps,,
commoncrawl,Common Crawl,https://commoncrawl.org/,,Data Dumps,,
wikipedia,Wikipedia,https://dumps.wikimedia.org/enwiki/latest/,,Data Dumps,,
prometheus.io,Prometheus.io,,https://github.com/prometheus/prometheus,Prometheus,,
haproxyexporter,HAProxy Exporter,,https://github.com/prometheus/haproxy_exporter,Prometheus,,
/r/dataengineering,/r/dataengineering,https://www.reddit.com/r/dataengineering/,,Forums,,
/r/etl,/r/etl,https://www.reddit.com/r/ETL/,,Forums,,
datacouncil,Data Council,https://www.datacouncil.ai/about,,Conferences,,
dataengineeringpodcast,Data Engineering Podcast,https://www.dataengineeringpodcast.com/,,Podcasts,,
