category,subcategory,tool_subcategory,name,description,tool_url
Databases,Relational,,RQLite,RQLite Replicated SQLite using the Raft consensus protocol,https://github.com/rqlite/rqlite
Databases,Relational,MySQL,TiDB,TiDB TiDB is a distributed NewSQL database compatible with MySQL protocol,https://github.com/pingcap/tidb
Databases,Relational,MySQL,Percona XtraBackup,"Percona XtraBackup Percona XtraBackup is a free, open source, complete online backup solution for all versions of Percona Server, MySQL® and MariaDB®",https://www.percona.com/software/mysql-database/percona-xtrabackup
Databases,Relational,MySQL,mysql_utils,mysql_utils Pinterest MySQL Management Tools,https://github.com/pinterest/mysql_utils
Databases,Relational,MySQL,MySQL,MySQL The world's most popular open source database.,https://www.mysql.com/
Databases,Relational,,MariaDB,"MariaDB An enhanced, drop-in replacement for MySQL.",https://mariadb.org/
Databases,Relational,,PostgreSQL,PostgreSQL The world's most advanced open source database.,https://www.postgresql.org/
Databases,Relational,,Amazon RDS,"Amazon RDS Amazon RDS makes it easy to set up, operate, and scale a relational database in the cloud. ",https://aws.amazon.com/rds/
Databases,Relational,,Crate.IO,Crate.IO Scalable SQL database with the NOSQL goodies.,https://crate.io/
Databases,Key-Value,,Redis,"Redis An open source, BSD licensed, advanced key-value cache and store.",https://redis.io/
Databases,Key-Value,,Riak,Riak A distributed database designed to deliver maximum data availability by distributing data across multiple servers.,http://docs.basho.com/riak/kv/
Databases,Key-Value,,AWS DynamoDB,"AWS DynamoDB A fast and flexible NoSQL database service for all applications that need consistent, single-digit millisecond latency at any scale.",https://aws.amazon.com/dynamodb/
Databases,Key-Value,,HyperDex,"HyperDex HyperDex is a scalable, searchable key-value store. Deprecated.",https://github.com/rescrv/HyperDex
Databases,Key-Value,,SSDB,"SSDB A high performance NoSQL database supporting many data structures, an alternative to Redis",http://ssdb.io
Databases,Key-Value,,Kyoto Tycoon,"Kyoto Tycoon Kyoto Tycoon is a lightweight network server on top of the Kyoto Cabinet key-value database, built for high-performance and concurrency",https://github.com/alticelabs/kyoto
Databases,Key-Value,,IonDB,IonDB A key-value store for microcontroller and IoT applications,https://github.com/iondbproject/iondb
Databases,Column,Cassandra,Cassandra Calculator,Cassandra Calculator This simple form allows you to try out different values for your Apache Cassandra cluster and see what the impact is for your application.,https://www.ecyrd.com/cassandracalculator/
Databases,Column,Cassandra,CCM,CCM A script to easily create and destroy an Apache Cassandra cluster on localhost,https://github.com/pcmanus/ccm
Databases,Column,Cassandra,ScyllaDB,"ScyllaDB NoSQL data store using the seastar framework, compatible with Apache Cassandra https://www.scylladb.com/",https://github.com/scylladb/scylla
Databases,Column,Cassandra,Cassandra,Cassandra The right choice when you need scalability and high availability without compromising performance.,https://cassandra.apache.org/
Databases,Column,,HBase,"HBase The Hadoop database, a distributed, scalable, big data store.",https://hbase.apache.org/
Databases,Column,,AWS Redshift,"AWS Redshift A fast, fully managed, petabyte-scale data warehouse that makes it simple and cost-effective to analyze all your data using your existing business intelligence tools.",https://aws.amazon.com/redshift/
Databases,Column,,FiloDB,FiloDB Distributed. Columnar. Versioned. Streaming. SQL.,https://github.com/filodb/FiloDB
Databases,Column,,Vertica,"Vertica Distributed, MPP columnar database with extensive analytics SQL.",https://www.vertica.com
Databases,Column,,ClickHouse,ClickHouse Distributed columnar DBMS for OLAP. SQL.,https://clickhouse.tech
Databases,Document,MongoDB,Percona Server for MongoDB,"Percona Server for MongoDB Percona Server for MongoDB® is a free, enhanced, fully compatible, open source, drop-in replacement for the MongoDB® Community Edition that includes enterprise-grade features and functionality.",https://www.percona.com/software/mongo-database/percona-server-for-mongodb
Databases,Document,MongoDB,MemDB,MemDB Distributed Transactional In-Memory Database (based on MongoDB),https://github.com/rain1017/memdb
Databases,Document,MongoDB,MongoDB,"MongoDB An open-source, document database designed for ease of development and scaling. ",https://www.mongodb.com
Databases,Document,,Elasticsearch,Elasticsearch Search & Analyze Data in Real Time.,https://www.elastic.co/
Databases,Document,,Couchbase,Couchbase The highest performing NoSQL distributed database.,https://www.couchbase.com/
Databases,Document,,RethinkDB,RethinkDB The open-source database for the realtime web.,https://rethinkdb.com/
Databases,Document,,RavenDB,RavenDB Fully Transactional NoSQL Document Database.,https://ravendb.net/
Databases,Graph,,Neo4j,Neo4j The world’s leading graph database.,https://neo4j.com/
Databases,Graph,,OrientDB,OrientDB 2nd Generation Distributed Graph Database with the flexibility of Documents in one product with an Open Source commercial friendly license.,https://orientdb.com
Databases,Graph,,ArangoDB,"ArangoDB A distributed free and open-source database with a flexible data model for documents, graphs, and key-values. ",https://www.arangodb.com/
Databases,Graph,,Titan,Titan A scalable graph database optimized for storing and querying graphs containing hundreds of billions of vertices and edges distributed across a multi-machine cluster.,https://titan.thinkaurelius.com
Databases,Graph,,FlockDB,"FlockDB A distributed, fault-tolerant graph database by Twitter. Deprecated.",https://github.com/twitter-archive/flockdb
Databases,Distributed,,DAtomic,"DAtomic The fully transactional, cloud-ready, distributed database.",https://www.datomic.com
Databases,Distributed,,Apache Geode,"Apache Geode An open source, distributed, in-memory database for scale-out applications.",https://geode.apache.org/
Databases,Distributed,,Gaffer,Gaffer  A large-scale graph database,https://github.com/gchq/Gaffer
Databases,Timeseries,,InfluxDB,"InfluxDB Scalable datastore for metrics, events, and real-time analytics.",https://github.com/influxdata/influxdb
Databases,Timeseries,,OpenTSDB,"OpenTSDB A scalable, distributed Time Series Database.",https://github.com/OpenTSDB/opentsdb
Databases,Timeseries,,QuestDB,QuestDB A relational column-oriented database designed for real-time analytics on time series and event data.,https://questdb.io/
Databases,Timeseries,,kairosdb,kairosdb Fast scalable time series database.,https://github.com/kairosdb/kairosdb
Databases,Timeseries,,Heroic,"Heroic A scalable time series database based on Cassandra and Elasticsearch, by Spotify",https://github.com/spotify/heroic
Databases,Timeseries,,Druid,Druid Column oriented distributed data store ideal for powering interactive applications,https://github.com/apache/incubator-druid
Databases,Timeseries,,Riak-TS,Riak-TS Riak TS is the only enterprise-grade NoSQL time series database optimized specifically for IoT and Time Series data,http://basho.com/products/riak-ts/
Databases,Timeseries,,Akumuli,"Akumuli Akumuli is a numeric time-series database. It can be used to capture, store and process time-series data in real-time. The word ""akumuli"" can be translated from esperanto as ""accumulate"".",https://github.com/akumuli/Akumuli
Databases,Timeseries,,Rhombus,Rhombus A time-series object store for Cassandra that handles all the complexity of building wide row indexes.,https://github.com/Pardot/Rhombus
Databases,Timeseries,,Dalmatiner DB,Dalmatiner DB Fast distributed metrics database,https://github.com/dalmatinerdb/dalmatinerdb
Databases,Timeseries,,Blueflood,Blueflood A distributed system designed to ingest and process time series data,https://github.com/rackerlabs/blueflood
Databases,Timeseries,,Timely,Timely Timely is a time series database application that provides secure access to time series data based on Accumulo and Grafana.,https://github.com/NationalSecurityAgency/timely
Databases,Other,,Tarantool,Tarantool Tarantool is an in-memory database and application server.,https://github.com/tarantool/tarantool/
Databases,Other,,GreenPlum,"GreenPlum The Greenplum Database (GPDB) is an advanced, fully featured, open source data warehouse. It provides powerful and rapid analytics on petabyte scale data volumes.",https://github.com/greenplum-db/gpdb
Databases,Other,,cayley,cayley An open-source graph database. Google.,https://github.com/cayleygraph/cayley
Databases,Other,,Snappydata,Snappydata SnappyData: OLTP + OLAP Database built on Apache Spark,https://github.com/SnappyDataInc/snappydata
Databases,Other,,TimescaleDB,"TimescaleDB: Built as an extension on top of PostgreSQL, TimescaleDB is a time-series SQL database providing fast analytics, scalability, with automated data management on a proven storage engine.",https://www.timescale.com/
Data Ingestion,,,AWS Kinesis,"AWS Kinesis A fully managed, cloud-based service for real-time data processing over large, distributed data streams.",https://aws.amazon.com/kinesis/
Data Ingestion,,,RabbitMQ,RabbitMQ Robust messaging for applications.,https://www.rabbitmq.com/
Data Ingestion,,,FluentD,FluentD An open source data collector for unified logging layer.,https://www.fluentd.org
Data Ingestion,,,Embulk,"Embulk An open source bulk data loader that helps data transfer between various databases, storages, file formats, and cloud services.",https://www.embulk.org
Data Ingestion,,,Apache Sqoop,Apache Sqoop A tool designed for efficiently transferring bulk data between Apache Hadoop and structured datastores such as relational databases.,https://sqoop.apache.org
Data Ingestion,,,Heka,Heka Data Acquisition and Processing Made Easy. Deprecated.,https://github.com/mozilla-services/heka
Data Ingestion,,,Gobblin,Gobblin Universal data ingestion framework for Hadoop from Linkedin,https://github.com/apache/incubator-gobblin
Data Ingestion,,,Nakadi,Nakadi Nakadi is an open source event messaging platform that provides a REST API on top of Kafka-like queues.,https://nakadi.io
Data Ingestion,,,Pravega,Pravega Pravega provides a new storage abstraction - a stream - for continuous and unbounded data.,http://www.pravega.io
Data Ingestion,,,Apache Pulsar,Apache Pulsar Apache Pulsar is an open-source distributed pub-sub messaging system.,https://pulsar.apache.org/
Data Ingestion,,,AWS Data Wranlger,AWS Data Wranlger Utility belt to handle data on AWS.,https://github.com/awslabs/aws-data-wrangler
Data Ingestion,Kafka,,BottledWater,BottledWater Change data capture from PostgreSQL into Kafka. Deprecated.,https://github.com/confluentinc/bottledwater-pg
Data Ingestion,Kafka,,kafkat,kafkat Simplified command-line administration for Kafka brokers,https://github.com/airbnb/kafkat
Data Ingestion,Kafka,,kafkacat,kafkacat Generic command line non-JVM Apache Kafka producer and consumer,https://github.com/edenhill/kafkacat
Data Ingestion,Kafka,,pg-kafka,pg-kafka A PostgreSQL extension to produce messages to Apache Kafka,https://github.com/xstevens/pg_kafka
Data Ingestion,Kafka,,librdkafka,librdkafka The Apache Kafka C/C++ library,https://github.com/edenhill/librdkafka
Data Ingestion,Kafka,,kafka-docker,kafka-docker Kafka in Docker,https://github.com/wurstmeister/kafka-docker
Data Ingestion,Kafka,,kafka-manager,kafka-manager A tool for managing Apache Kafka,https://github.com/yahoo/kafka-manager
Data Ingestion,Kafka,,kafka-node,kafka-node Node.js client for Apache Kafka 0.8,https://github.com/SOHU-Co/kafka-node
Data Ingestion,Kafka,,Secor,Secor Pinterest's Kafka to S3 distributed consumer,https://github.com/pinterest/secor
Data Ingestion,Kafka,,Kafka-logger,Kafka-logger Kafka-winston logger for nodejs from uber,https://github.com/uber/kafka-logger
Data Ingestion,Kafka,,Kafka,Kafka Publish-subscribe messaging rethought as a distributed commit log.,https://kafka.apache.org/
File System,,,Alluxio,"Alluxio Alluxio is a memory-centric distributed storage system enabling reliable data sharing at memory-speed across cluster frameworks, such as Spark and MapReduce",https://www.alluxio.org/
File System,,,CEPH,"CEPH Ceph is a unified, distributed storage system designed for excellent performance, reliability and scalability",https://ceph.com/
File System,,,OrangeFS,OrangeFS Orange File System is a branch of the Parallel Virtual File System,https://www.orangefs.org/
File System,,,SnackFS,"SnackFS SnackFS is our bite-sized, lightweight HDFS compatible FileSystem built over Cassandra",https://github.com/tuplejump/snackfs-release
File System,,,GlusterFS,GlusterFS Gluster Filesystem,https://www.gluster.org/
File System,,,XtreemFS,XtreemFS fault-tolerant distributed file system for all storage needs,http://www.xtreemfs.org/
File System,,,SeaweedFS,"SeaweedFS Seaweed-FS is a simple and highly scalable distributed file system. There are two objectives: to store billions of files! to serve the files fast! Instead of supporting full POSIX file system semantics, Seaweed-FS choose to implement only a key~file mapping. Similar to the word ""NoSQL"", you can call it as ""NoFS"".",https://github.com/chrislusf/seaweedfs
File System,,,S3QL,"S3QL S3QL is a file system that stores all its data online using storage services like Google Storage, Amazon S3, or OpenStack.",https://github.com/s3ql/s3ql/
File System,,,LizardFS,"LizardFS LizardFS Software Defined Storage is a distributed, parallel, scalable, fault-tolerant, Geo-Redundant and highly available file system.",https://lizardfs.com/
File System,HDFS,,Snakebite,Snakebite A pure python HDFS client,https://github.com/spotify/snakebite
File System,HDFS,,HDFS,HDFS,https://hadoop.apache.org/docs/current/hadoop-project-dist/hadoop-hdfs/HdfsDesign.html
File System,AWS S3,,smart_open,"smart_open Utils for streaming large files (S3, HDFS, gzip, bz2)",https://github.com/RaRe-Technologies/smart_open
File System,AWS S3,,AWS S3,AWS S3,https://aws.amazon.com/s3/
Serialization format,,,Apache Avro,Apache Avro Apache Avro™ is a data serialization system,https://avro.apache.org
Serialization format,,,Apache ORC,"Apache ORC The smallest, fastest columnar storage for Hadoop workloads ",https://orc.apache.org/
Serialization format,,,Apache Thrift,"Apache Thrift The Apache Thrift software framework, for scalable cross-language services development",https://thrift.apache.org
Serialization format,,,ProtoBuf,ProtoBuf Protocol Buffers - Google's data interchange format,https://github.com/protocolbuffers/protobuf
Serialization format,,,SequenceFile,SequenceFile SequenceFile is a flat file consisting of binary key/value pairs. It is extensively used in MapReduce as input/output formats,https://wiki.apache.org/hadoop/SequenceFile
Serialization format,,,Kryo,Kryo Kryo is a fast and efficient object graph serialization framework for Java,https://github.com/EsotericSoftware/kryo
Serialization format,Apache Parquet,,Snappy,Snappy A fast compressor/decompressor. Used with Parquet,https://github.com/google/snappy
Serialization format,Apache Parquet,,PigZ,"PigZ A parallel implementation of gzip for modern
multi-processor, multi-core machines",https://zlib.net/pigz/
Serialization format,Apache Parquet,,Apache Parquet,"Apache Parquet Apache Parquet is a columnar storage format available to any project in the Hadoop ecosystem, regardless of the choice of data processing framework, data model or programming language.",https://parquet.apache.org
Stream Processing,,,Apache Beam,Apache Beam Apache Beam is a unified programming model that implements both batch and streaming data processing jobs that run on many execution engines.,https://beam.apache.org/
Stream Processing,,,Spark Streaming,Spark Streaming Spark Streaming makes it easy to build scalable fault-tolerant streaming applications.,https://spark.apache.org/streaming/
Stream Processing,,,Apache Flink,"Apache Flink Apache Flink is a streaming dataflow engine that provides data distribution, communication, and fault tolerance for distributed computations over data streams.",https://flink.apache.org/
Stream Processing,,,Apache Storm,Apache Storm Apache Storm is a free and open source distributed realtime computation system,https://storm.apache.org
Stream Processing,,,Apache Samza,Apache Samza Apache Samza is a distributed stream processing framework,https://samza.apache.org
Stream Processing,,,Apache NiFi,"Apache NiFi is an easy to use, powerful, and reliable system to process and distribute data",https://nifi.apache.org/
Stream Processing,,,Apache Hudi,"Apache Hudi Apache Hudi is an open source framework for managing storage for real time processing, one of the most interesting feature is the Upsert",https://hudi.apache.org/
Stream Processing,,,VoltDB,VoltDB VoltDb is an ACID-compliant RDBMS which uses a shared nothing architecture.,https://voltdb.com/
Stream Processing,,,PipelineDB,PipelineDB The Streaming SQL Database,https://github.com/pipelinedb/pipelinedb
Stream Processing,,,Spring Cloud Dataflow,Spring Cloud Dataflow Streaming and tasks execution between Spring Boot apps,https://cloud.spring.io/spring-cloud-dataflow/
Stream Processing,,,Bonobo,Bonobo Bonobo is a data-processing toolkit for python 3.5+,https://www.bonobo-project.org/
Stream Processing,,,Robinhood's Faust,Robinhood's Faust Forever scalable event processing & in-memory durable K/V store as a library with asyncio & static typing.,https://github.com/faust-streaming/faust
Stream Processing,,,HStreamDB,HStreamDB The streaming database built for IoT data storage and real-time processing.,https://github.com/hstreamdb/hstream
Stream Processing,,,Kuiper,"Kuiper An edge lightweight IoT data analytics/streaming software implemented by Golang, and it can be run at all kinds of resource-constrained edge devices.",https://github.com/emqx/kuiper
Batch Processing,,,Hadoop MapReduce,"Hadoop MapReduce Hadoop MapReduce is a software framework for easily writing applications which process vast amounts of data (multi-terabyte data-sets) in-parallel on large clusters (thousands of nodes) of commodity hardware in a reliable, fault-tolerant manner",https://hadoop.apache.org/docs/current/hadoop-mapreduce-client/hadoop-mapreduce-client-core/MapReduceTutorial.html
Batch Processing,,,AWS EMR,AWS EMR A web service that makes it easy to quickly and cost-effectively process vast amounts of data.,https://aws.amazon.com/emr/
Batch Processing,,,Tez,Tez An application framework which allows for a complex directed-acyclic-graph of tasks for processing data.,https://tez.apache.org/
Batch Processing,,,Bistro,"Bistro is a light-weight engine for general-purpose data processing including both batch and stream analytics. It is based on a novel unique data model, which represents data via functions and processes data via columns operations as opposed to having only set operations in conventional approaches like MapReduce or SQL.",https://github.com/asavinov/bistro
Batch Processing,Spark,,Spark Packages,Spark Packages A community index of packages for Apache Spark,https://spark-packages.org
Batch Processing,Spark,,Deep Spark,Deep Spark Connecting Apache Spark with different data stores. Deprecated.,https://github.com/Stratio/deep-spark
Batch Processing,Spark,,Spark RDD API Examples,Spark RDD API Examples by Zhen He,http://homepage.cs.latrobe.edu.au/zhe/ZhenHeSparkRDDAPIExamples.html
Batch Processing,Spark,,Livy,"Livy Livy, the REST Spark Server",https://livy.incubator.apache.org
Batch Processing,Spark,,Spark,Spark,https://spark.apache.org/
Batch Processing,Batch ML,,H2O,H2O Fast scalable machine learning API for smarter applications.,https://www.h2o.ai/
Batch Processing,Batch ML,,Mahout,Mahout An environment for quickly creating scalable performant machine learning applications.,https://mahout.apache.org/
Batch Processing,Batch ML,,Spark MLlib,"Spark MLlib Spark’s scalable machine learning library consisting of common learning algorithms and utilities, including classification, regression, clustering, collaborative filtering, dimensionality reduction, as well as underlying optimization primitives.",https://spark.apache.org/docs/latest/ml-guide.html
Batch Processing,Batch Graph,,GraphLab Create,GraphLab Create A machine learning platform that enables data scientists and app developers to easily create intelligent apps at scale.,https://turi.com/products/create/docs/
Batch Processing,Batch Graph,,Giraph,Giraph An iterative graph processing system built for high scalability. ,https://giraph.apache.org/
Batch Processing,Batch Graph,,Spark GraphX,Spark GraphX Apache Spark's API for graphs and graph-parallel computation. ,https://spark.apache.org/graphx/
Batch Processing,Batch SQL,,Presto,Presto A distributed SQL query engine designed to query large data sets distributed over one or more heterogeneous data sources.,https://prestodb.github.io/docs/current/index.html
Batch Processing,Batch SQL,Hive,Hivemall,Hivemall Scalable machine learning library for Hive/Hadoop.,https://github.com/apache/incubator-hivemall
Batch Processing,Batch SQL,Hive,PyHive,PyHive Python interface to Hive and Presto.,https://github.com/dropbox/PyHive
Batch Processing,Batch SQL,Hive,Hive,Hive Data warehouse software facilitates querying and managing large datasets residing in distributed storage. ,https://hive.apache.org
Batch Processing,Batch SQL,,Drill,"Drill Schema-free SQL Query Engine for Hadoop, NoSQL and Cloud Storage.",https://drill.apache.org/
Charts and Dashboards,,,Highcharts,"Highcharts A charting library written in pure JavaScript, offering an easy way of adding interactive charts to your web site or web application.",https://www.highcharts.com/
Charts and Dashboards,,,ZingChart,ZingChart Fast JavaScript charts for any data set.,https://www.zingchart.com/
Charts and Dashboards,,,C3.js,C3.js D3-based reusable chart library.,https://c3js.org
Charts and Dashboards,,,SmoothieCharts,SmoothieCharts A JavaScript Charting Library for Streaming Data.,http://smoothiecharts.org
Charts and Dashboards,,,PyXley,PyXley Python helpers for building dashboards using Flask and React,https://github.com/stitchfix/pyxley
Charts and Dashboards,,,Plotly,"Plotly Flask, JS, and CSS boilerplate for interactive, web-based visualization apps in Python",https://github.com/plotly/dash
Charts and Dashboards,,,Apache Superset,"Apache Superset Apache Superset (incubating) is a modern, enterprise-ready business intelligence web application",https://github.com/apache/incubator-superset
Charts and Dashboards,,,Redash,"Redash Make Your Company Data Driven. Connect to any data source, easily visualize and share your data.",https://redash.io/
Charts and Dashboards,,,Metabase,"Metabase Metabase is the easy, open source way for everyone in your company to ask questions and learn from data.",https://github.com/metabase/metabase
Charts and Dashboards,,,PyQtGraph,PyQtGraph PyQtGraph is a pure-python graphics and GUI library built on PyQt4 / PySide and numpy. It is intended for use in mathematics / scientific / engineering applications.,http://www.pyqtgraph.org/
Charts and Dashboards,D3.js,,D3Plus,"D3Plus D3's simplier, easier to use cousin. Mostly predefined templates that you can just plug data in.",https://d3plus.org
Charts and Dashboards,D3.js,,D3.js,D3.js A JavaScript library for manipulating documents based on data.,https://d3js.org/
Workflow,,,Cascading,Cascading Java based application development platform.,https://www.cascading.org/
Workflow,,,Airflow,"Airflow Airflow is a system to programmaticaly author, schedule and monitor data pipelines.",https://github.com/apache/airflow
Workflow,,,Azkaban,Azkaban Azkaban is a batch workflow job scheduler created at LinkedIn to run Hadoop jobs. Azkaban resolves the ordering through job dependencies and provides an easy to use web user interface to maintain and track your workflows. ,https://azkaban.github.io/
Workflow,,,Oozie,Oozie Oozie is a workflow scheduler system to manage Apache Hadoop jobs,https://oozie.apache.org/
Workflow,,,Pinball,Pinball DAG based workflow manager. Job flows are defined programmaticaly in Python. Support output passing between jobs.,https://github.com/pinterest/pinball
Workflow,,,Dagster,Dagster Dagster is an open-source Python library for building data applications.,https://github.com/dagster-io/dagster
Workflow,,,Dataform,"Dataform is an open-source framework and web based IDE to manage datasets and their dependencies. SQLX extends your existing SQL warehouse dialect to add features that support dependency management, testing, documentation and more.",https://dataform.co/
Workflow,,,Census,"Census is a reverse-ETL  tool that let you sync data from your cloud data warehouse to SaaS applications like Salesforce, Marketo, HubSpot, Zendesk, etc. No engineering favors required—just SQL.",https://getcensus.com/
Workflow,,,dbt,dbt is a command line tool that enables data analysts and engineers to transform data in their warehouses more effectively.,https://getdbt.com/
Workflow,Luigi,,CronQ,CronQ An application cron-like system. Used w/Luige. Deprecated.,https://github.com/seatgeek/cronq
Workflow,Luigi,,Luigi,Luigi Luigi is a Python module that helps you build complex pipelines of batch jobs.,https://github.com/spotify/luigi
Data Lake Management,,,lakeFS,lakeFS lakeFS is an open source platform that delivers resilience and manageability to object-storage based data lakes.,https://github.com/treeverse/lakeFS
ELK Elastic Logstash Kibana,,,docker-logstash,docker-logstash A highly configurable logstash (1.4.4) docker image running Elasticsearch (1.7.0) and Kibana (3.1.2).,https://github.com/pblittle/docker-logstash
ELK Elastic Logstash Kibana,,,elasticsearch-jdbc,elasticsearch-jdbc JDBC importer for Elasticsearch,https://github.com/jprante/elasticsearch-jdbc
ELK Elastic Logstash Kibana,,,ZomboDB,ZomboDB Postgres Extension that allows creating an index backed by Elasticsearch,https://github.com/zombodb/zombodb
Docker,,,Gockerize,Gockerize Package golang service into minimal docker containers,https://github.com/redbooth/gockerize
Docker,,,Flocker,Flocker Easily manage Docker containers & their data,https://github.com/ClusterHQ/flocker
Docker,,,Rancher,Rancher RancherOS is a 20mb Linux distro that runs the entire OS as Docker containers,https://rancher.com/rancher-os/
Docker,,,Kontena,Kontena Application Containers for Masses,https://www.kontena.io/
Docker,,,Weave,Weave Weaving Docker containers into applications,https://github.com/weaveworks/weave
Docker,,,Zodiac,Zodiac A lightweight tool for easy deployment and rollback of dockerized applications,https://github.com/CenturyLinkLabs/zodiac
Docker,,,cAdvisor,cAdvisor Analyzes resource usage and performance characteristics of running containers,https://github.com/google/cadvisor
Docker,,,Micro S3 persistence,Micro S3 persistence Docker microservice for saving/restoring volume data to S3,https://github.com/figadore/micro-s3-persistence
Docker,,,Rocker-compose,Rocker-compose Docker composition tool with idempotency features for deploying apps composed of multiple containers. Deprecated.,https://github.com/grammarly/rocker-compose
Docker,,,Nomad,"Nomad Nomad is a cluster manager, designed for both long lived services and short lived batch processing workloads",https://github.com/hashicorp/nomad
Docker,,,ImageLayers,ImageLayers Vizualize docker images and the layers that compose them,https://imagelayers.io/
Realtime,,,Twitter Realtime,Twitter Realtime The Streaming APIs give developers low latency access to Twitter’s global stream of Tweet data.,https://developer.twitter.com/en/docs/tweets/filter-realtime/overview
Realtime,,,Eventsim,"Eventsim Event data simulator. Generates a stream of pseudo-random events from a set of users, designed to simulate web traffic.",https://github.com/Interana/eventsim
Realtime,,,Reddit,"Reddit Real-time data is available including comments, submissions and links posted to reddit",https://www.reddit.com/r/datasets/comments/3mk1vg/realtime_data_is_available_including_comments/
Data Dumps,,,GitHub Archive,"GitHub Archive GitHub's public timeline since 2011, updated every hour",https://www.gharchive.org/
Data Dumps,,,Common Crawl,Common Crawl Open source repository of web crawl data,https://commoncrawl.org/
Data Dumps,,,Wikipedia,"Wikipedia Wikipedia's complete copy of all wikis, in the form of wikitext source and metadata embedded in XML. A number of raw database tables in SQL form are also available.",https://dumps.wikimedia.org/enwiki/latest/
Prometheus,,,Prometheus.io,Prometheus.io An open-source service monitoring system and time series database,https://github.com/prometheus/prometheus
Prometheus,,,HAProxy Exporter,HAProxy Exporter Simple server that scrapes HAProxy stats and exports them via HTTP for Prometheus consumption,https://github.com/prometheus/haproxy_exporter
Forums,,,/r/dataengineering,"/r/dataengineering News, tips and background on Data Engineering",https://www.reddit.com/r/dataengineering/
Forums,,,/r/etl,/r/etl Subreddit focused on ETL,https://www.reddit.com/r/ETL/
Conferences,,,Data Council,"Data Council Data Council is the first technical conference that bridges the gap between data scientists, data engineers and data analysts.",https://www.datacouncil.ai/about
Podcasts,,,Data Engineering Podcast,Data Engineering Podcast The show about modern data infrastructure.,https://www.dataengineeringpodcast.com/
