item,name,homepage_url,repo_url,logo,crunchbase,twitter,category,subcategory,project,license,description,stock_ticker,additional_repos,url_for_bestpractices,organization.name
,Accord.NET,http://accord-framework.net/,https://github.com/accord-net/framework,accord-net.svg,https://www.crunchbase.com/organization/accord-net-framework-project,,Machine Learning,Framework,,,,,,,
,LightGBM,https://github.com/Microsoft/LightGBM,https://github.com/Microsoft/LightGBM,lightgbm.svg,https://www.crunchbase.com/organization/microsoft,,Machine Learning,Framework,,,,,,,
,Mahout,https://mahout.apache.org/,https://github.com/apache/mahout,mahout.svg,https://www.crunchbase.com/organization/apache,https://twitter.com/ApacheMahout,Machine Learning,Framework,,,,,,,
,ML.net,https://dotnet.microsoft.com/en-us/apps/machinelearning-ai/ml-dotnet,https://github.com/dotnet/machinelearning,ml-net.svg,https://www.crunchbase.com/organization/microsoft,,Machine Learning,Framework,,,,,,,
,Ray,https://bair.berkeley.edu/blog/2018/01/09/ray/,https://github.com/ray-project/ray,ray.svg,https://www.crunchbase.com/organization/university-of-california-berkeley,,Machine Learning,Framework,,,,,,,
,ZenML,https://zenml.io/,https://github.com/zenml-io/zenml,zenml.svg,https://www.crunchbase.com/organization/maiot-c7f4,https://twitter.com/zenml_io,Machine Learning,Framework,,,,,,,
,Alink,https://github.com/alibaba/Alink,https://github.com/alibaba/Alink,alink.svg,https://www.crunchbase.com/organization/alibaba,,Machine Learning,Platform,,,,,,,
,Angel-ML,https://angelml.ai/,https://github.com/Angel-ML/angel,angel.svg,https://www.crunchbase.com/organization/lf-artificial-intelligence-foundation,,Machine Learning,Platform,graduated,,,,,,
,Apache SystemML,https://systemds.apache.org,https://github.com/apache/systemds,apache-system-ml.svg,https://www.crunchbase.com/organization/apache,https://twitter.com/ApacheSystemML,Machine Learning,Platform,,,,,,,
,AX,https://ax.dev/,https://github.com/facebook/Ax,ax.svg,https://www.crunchbase.com/organization/facebook,,Machine Learning,Platform,,,,,,,
,Cortex,https://www.cortex.dev/,https://github.com/cortexlabs/cortex,cortex.svg,https://www.crunchbase.com/organization/cortex-dev,,Machine Learning,Platform,,,,,,,
,ForestFlow,https://forestflow.ai,https://github.com/ForestFlow/ForestFlow,forestflow.svg,https://www.crunchbase.com/organization/lf-artificial-intelligence-foundation,,Machine Learning,Platform,incubating,,,,,,
,H2o.ai,https://www.h2o.ai/,https://github.com/h2oai/h2o-3,h2o-ai.svg,https://www.crunchbase.com/organization/h2o-2,,Machine Learning,Platform,,,,,,,
,Kubeflow,https://www.kubeflow.org/,https://github.com/kubeflow/kubeflow,kubeflow.svg,https://www.crunchbase.com/organization/google,https://twitter.com/kubeflow,Machine Learning,Platform,,,,,,,
,Metaflow,https://metaflow.org/,https://github.com/Netflix/metaflow,metaflow.svg,https://www.crunchbase.com/organization/netflix,https://twitter.com/MetaflowOSS,Machine Learning,Platform,,,,,,,
,MLFlow,https://mlflow.org/,https://github.com/mlflow/mlflow,mlflow.svg,https://www.crunchbase.com/organization/databricks,https://twitter.com/MLflow,Machine Learning,Platform,,,,,,,
,PredictionIO,https://predictionio.apache.org/,https://github.com/apache/predictionio,apache-predictionio.svg,https://www.crunchbase.com/organization/apache,https://twitter.com/ApachePIO,Machine Learning,Platform,,,,,,,
,Seldon,https://www.seldon.io/,https://github.com/SeldonIO/seldon-core,seldon.svg,https://www.crunchbase.com/organization/seldon,,Machine Learning,Platform,,,,,,,
,Vowpal Wabbit,https://github.com/VowpalWabbit/vowpal_wabbit/wiki,https://github.com/VowpalWabbit/vowpal_wabbit,vowpal-wabbit.svg,https://www.crunchbase.com/organization/microsoft,,Machine Learning,Platform,,,,,,,
,1chipML,https://github.com/1chipML/,https://github.com/1chipML/1chipML,1chipML.svg,https://www.crunchbase.com/organization/lf-artificial-intelligence-foundation,,Machine Learning,Library,sandbox,,,,,,
,AutoGluon,https://auto.gluon.ai/,https://github.com/awslabs/autogluon,autogluon.svg,https://www.crunchbase.com/organization/amazon-web-services,https://twitter.com/autogluon,Machine Learning,Library,,,,,,,
,CatBoost,https://catboost.ai,https://github.com/catboost/catboost,catboost.svg,https://www.crunchbase.com/organization/yandex,https://twitter.com/catboostml,Machine Learning,Library,,,,,,,
,Flashlight,https://github.com/flashlight/flashlight,https://github.com/flashlight/flashlight,flashlight.svg,https://www.crunchbase.com/organization/facebook,https://twitter.com/MetaAI,Machine Learning,Library,,,,,,,
,MediaPipe,https://mediapipe.dev/,https://github.com/google/mediapipe,mediapipe.svg,https://www.crunchbase.com/organization/google,,Machine Learning,Library,,,,,,,
,mlpack,https://www.mlpack.org/,https://github.com/mlpack/mlpack,mlpack.svg,https://www.crunchbase.com/organization/georgia-institute-of-technology,,Machine Learning,Library,,,,,,,
,Nilearn,https://nilearn.github.io/,https://github.com/nilearn/nilearn,nilearn.svg,https://www.crunchbase.com/organization/inria,,Machine Learning,Library,,,,,,,
,OpenCV,https://opencv.org,https://github.com/opencv/opencv,open-cv.svg,https://www.crunchbase.com/organization/opencv,,Machine Learning,Library,,,,,,,
,OpenNN,https://www.opennn.net,https://github.com/Artelnics/OpenNN,opennn.svg,https://www.crunchbase.com/organization/artelnics,,Machine Learning,Library,,,,,,,
,PyCaret,https://pycaret.org/,https://github.com/pycaret/pycaret,pycaret.svg,https://www.crunchbase.com/organization/pycaret,,Machine Learning,Library,,,,,,,
,SciKit-learn,https://scikit-learn.org/stable/,https://github.com/scikit-learn/scikit-learn,sci-kit-learn.svg,https://www.crunchbase.com/organization/numfocus,https://twitter.com/scikit_learn,Machine Learning,Library,,,,,,,
,Shogun,https://www.shogun.ml/,https://github.com/shogun-toolbox/shogun,shogun.svg,https://www.crunchbase.com/organization/numfocus,https://twitter.com/ShogunML,Machine Learning,Library,,,,,,,
,Sonnet,https://sonnet.dev/,https://github.com/deepmind/Sonnet,sonnet.svg,https://www.crunchbase.com/organization/google,,Machine Learning,Library,,,,,,,
,TransmogrifAI,https://transmogrif.ai/,https://github.com/salesforce/TransmogrifAI,transmogrifai.svg,https://www.crunchbase.com/organization/salesforce,,Machine Learning,Library,,,,,,,
,XGBoost,https://xgboost.ai/,https://github.com/dmlc/xgboost,xgboost.svg,https://www.crunchbase.com/organization/xgboost,,Machine Learning,Library,,,,,,,
,xLearn,https://xlearn-doc.readthedocs.io/en/latest/index.html,https://github.com/aksnzhy/xlearn,xlearn.svg,https://www.crunchbase.com/organization/xlearn-open-source-projects,,Machine Learning,Library,,,,,,,
,DeepRec,https://deeprec.readthedocs.io/,https://github.com/alibaba/DeepRec,deeprec.svg,https://www.crunchbase.com/organization/lf-artificial-intelligence-foundation,,Deep Learning,Framework,sandbox,Apache 2.0,,,,,
,Apache SINGA,https://singa.apache.org/en/index.html,https://github.com/apache/singa,apache-singa.svg,https://www.crunchbase.com/organization/apache,https://twitter.com/ApacheSinga,Deep Learning,Framework,,,,,,,
,Chainer,https://chainer.org/,https://github.com/chainer/chainer,chainer.svg,https://www.crunchbase.com/organization/preferred-networks,https://twitter.com/CuPy_Team,Deep Learning,Framework,,,,,,,
,CNTK,https://docs.microsoft.com/en-us/cognitive-toolkit/,https://github.com/Microsoft/CNTK,cntk.svg,https://www.crunchbase.com/organization/microsoft,https://twitter.com/mscntk,Deep Learning,Framework,,,,,,,
,Dynamic Neural Network Toolkit,https://dynet.readthedocs.io/en/latest/,https://github.com/clab/dynet,dynet.svg,https://www.crunchbase.com/organization/carnegie-mellon-university,,Deep Learning,Framework,,,,,,,
,euler,https://github.com/alibaba/euler,https://github.com/alibaba/euler,euler.svg,https://www.crunchbase.com/organization/alibaba,,Deep Learning,Framework,,,,,,,
,MindSpore,https://www.mindspore.cn/en,https://github.com/mindspore-ai/mindspore,mindspore.svg,https://www.crunchbase.com/organization/huawei,,Deep Learning,Framework,,,,,,,
,MXNet,https://mxnet.apache.org/versions/1.6,https://github.com/apache/incubator-mxnet,apache-mxnet.svg,https://www.crunchbase.com/organization/apache,https://twitter.com/ApacheMXNet,Deep Learning,Framework,,,,,,,
,ncnn,https://github.com/Tencent/ncnn,https://github.com/Tencent/ncnn,ncnn.svg,https://www.crunchbase.com/organization/tencent,,Deep Learning,Framework,,,,,,,
,PaddlePaddle,https://www.paddlepaddle.org.cn,https://github.com/PaddlePaddle/Paddle,paddlepaddle.svg,https://www.crunchbase.com/organization/baidu,,Deep Learning,Framework,,,,,,,
,Pythia,https://github.com/facebookresearch/mmf,https://github.com/facebookresearch/mmf,pythia.svg,https://www.crunchbase.com/organization/facebook,,Deep Learning,Framework,,,,,,,
,PyTorch,https://pytorch.org/,https://github.com/pytorch/pytorch,py-torch.svg,https://www.crunchbase.com/organization/pytorch,https://twitter.com/PyTorch,Deep Learning,Framework,,,,,,,
,Tensorflow,https://www.tensorflow.org/,https://github.com/tensorflow/tensorflow,tensorflow.svg,https://www.crunchbase.com/organization/google,https://twitter.com/TensorFlow,Deep Learning,Framework,,,,,,,
,DeepDetect,https://www.deepdetect.com/,https://github.com/jolibrain/deepdetect,deepdetect.svg,https://www.crunchbase.com/organization/jolibrain,https://twitter.com/jolibrain,Deep Learning,Platform,,,,,,,
,Determined AI,https://www.determined.ai,https://github.com/determined-ai/determined,determined-ai.svg,https://www.crunchbase.com/organization/determined-ai,https://twitter.com/determinedai,Deep Learning,Platform,,,,,,,
,Jina,https://jina.ai,https://github.com/jina-ai/jina,jina-search.svg,https://www.crunchbase.com/organization/jina-ai,,Deep Learning,Platform,,,,,,,
,Onepanel,https://docs.onepanel.ai,https://github.com/onepanelio/onepanel,onepanel.svg,https://www.crunchbase.com/organization/onepanel,,Deep Learning,Platform,,,,,,,
,Polyaxon,https://polyaxon.com,https://github.com/polyaxon/polyaxon,polyaxon.svg,https://www.crunchbase.com/organization/polyaxon,https://www.twitter.com/polyaxonAI,Deep Learning,Platform,,,,,,,
,TonY,https://github.com/tony-framework/TonY,https://github.com/tony-framework/TonY,tony.svg,https://www.crunchbase.com/organization/lf-artificial-intelligence-foundation,,Deep Learning,Platform,incubating,,,,,,
,X-DeepLearning,https://github.com/alibaba/x-deeplearning,https://github.com/alibaba/x-deeplearning,x-deeplearning.svg,https://www.crunchbase.com/organization/alibaba,,Deep Learning,Platform,,,,,,,
,BigDL,https://bigdl-project.github.io/0.9.0/,https://github.com/intel-analytics/BigDL,bigdl.svg,https://www.crunchbase.com/organization/intel,,Deep Learning,Library,,,,,,,
,Catalyst,https://github.com/catalyst-team/catalyst,https://github.com/catalyst-team/catalyst,catalyst.svg,https://www.crunchbase.com/organization/catalyst-team,,Deep Learning,Library,,,,,,,
,Eclipse Deeplearning4j,https://deeplearning4j.konduit.ai/,https://github.com/eclipse/deeplearning4j,deeplearning4j.svg,https://www.crunchbase.com/organization/eclipse-foundation,,Deep Learning,Library,,,,,,,
,fast.ai,https://www.fast.ai/,https://github.com/fastai/fastai,fast-ai.svg,https://www.crunchbase.com/organization/fast-ai,https://twitter.com/fastdotai,Deep Learning,Library,,,,,,,
,Keras,https://keras.io/,https://github.com/keras-team/keras,keras.svg,https://www.crunchbase.com/organization/keras,https://twitter.com/fchollet,Deep Learning,Library,,,,,,,
,Neural Network Libraries,https://nnabla.org,https://github.com/sony/nnabla,nnl.svg,https://www.crunchbase.com/organization/sony,,Deep Learning,Library,,,,,,,
,PyTorch Ignite,https://pytorch.org/ignite/,https://github.com/pytorch/ignite,py-torch-ignite.svg,https://www.crunchbase.com/organization/pytorch,https://twitter.com/pytorch_ignite,Deep Learning,Library,,,,,,,
,PyTorch Lightning,https://github.com/PyTorchLightning/pytorch-lightning,https://github.com/PyTorchLightning/pytorch-lightning,pytorch-lightning.svg,https://www.crunchbase.com/organization/pytorch-lightning,https://twitter.com/pytorchlightnin,Deep Learning,Library,,,,,,,
,PyTorchVideo,https://pytorchvideo.org/,https://github.com/facebookresearch/pytorchvideo,py-torch-video.svg,https://www.crunchbase.com/organization/pytorch,,Deep Learning,Library,,,,,,,
,BeyondML,https://github.com/Beyond-ML-Labs/mann,https://github.com/Beyond-ML-Labs/mann,BeyondML.svg,https://www.crunchbase.com/organization/lf-artificial-intelligence-foundation,,Deep Learning,Tool,sandbox,,,,,,
,BoTorch,https://botorch.org/,https://github.com/pytorch/botorch,botorch.svg,https://www.crunchbase.com/organization/facebook,,Deep Learning,Tool,,,,,,,
,Neural Network Distiller,https://nervanasystems.github.io/distiller/,https://github.com/IntelLabs/distiller,distiller.svg,https://www.crunchbase.com/organization/intel,,Deep Learning,Tool,,,,,,,
,Plaid ML,https://www.intel.com/content/www/us/en/artificial-intelligence/plaidml.html,https://github.com/plaidml/plaidml,plaidml.svg,https://www.crunchbase.com/organization/intel,https://twitter.com/plaidml,Deep Learning,Tool,,,,,,,
,PyTorch BigGraph,https://torchbiggraph.readthedocs.io/en/latest/,https://github.com/facebookresearch/PyTorch-BigGraph,pytorch-biggraph.svg,https://www.crunchbase.com/organization/facebook,,Deep Learning,Tool,,,,,,,
,PyTorch Geometric,https://pytorch-geometric.readthedocs.io/en/latest,https://github.com/pyg-team/pytorch_geometric,pytorch-geometric.svg,https://www.crunchbase.com/organization/tu-dortmund-university,,Deep Learning,Tool,,,,,,,
,TVM,https://tvm.ai/,https://github.com/apache/tvm,tvm.svg,https://www.crunchbase.com/organization/apache,https://twitter.com/ApacheTVM,Deep Learning,Tool,,,,,,,
,DataPractices,https://datapractices.org/,https://github.com/datapractices/data-practices-site,datapractices.svg,https://www.crunchbase.com/organization/lf-artificial-intelligence-foundation,,Data,Education,incubating,,,,,,
,OpenDS4All,https://github.com/odpi/OpenDS4All,https://github.com/odpi/OpenDS4All,opends4all.svg,https://www.crunchbase.com/organization/lf-artificial-intelligence-foundation,,Data,Education,incubating,,,,,,
,OpenBytes,https://www.openbytes.io/,https://github.com/Project-OpenBytes/OpenBytes,openbytes.svg,https://www.crunchbase.com/organization/lf-artificial-intelligence-foundation,,Data,Lineage,sandbox,,,,,,
,OpenDataology,https://github.com/OpenDataology/,https://github.com/OpenDataology/OpenDataology,OpenDataology.svg,https://www.crunchbase.com/organization/lf-artificial-intelligence-foundation,,Data,Lineage,sandbox,,,,,,
,OpenLineage,https://github.com/OpenLineage,https://github.com/OpenLineage/OpenLineage,openlineage.svg,https://www.crunchbase.com/organization/lf-artificial-intelligence-foundation,https://twitter.com/OpenLineage,Data,Lineage,incubating,,,,,,
,CouchDB,https://iceberg.apache.org/,https://github.com/apache/couchdb,couchdb.svg,https://www.crunchbase.com/organization/apache,https://twitter.com/CouchDB,Data,Relational DB,,,,,,,
,MySQL,https://www.mysql.com/,https://github.com/mysql/mysql-server,mysql.svg,https://www.crunchbase.com/organization/oracle,https://twitter.com/MySQL,Data,Relational DB,,,,,,,
,Postgres,https://www.postgresql.org,https://github.com/postgres/postgres,postgresql.svg,https://www.crunchbase.com/organization/postgresql,https://twitter.com/PostgreSQL,Data,Relational DB,,,,,,,
,TiKV,https://tikv.org,https://github.com/tikv/tikv,tikv.svg,https://www.crunchbase.com/organization/cloud-native-computing-foundation,https://twitter.com/tikvproject,Data,Relational DB,,,,,,,
,LakeSoul,https://www.dmetasoul.com/en/docs/lakesoul/,https://github.com/meta-soul/LakeSoul,lakesoul.svg,https://www.crunchbase.com/organization/lf-artificial-intelligence-foundation,,Data,Store & Format,sandbox,Apache 2.0,,,,,
,Docarrary,https://docarray.jina.ai/,https://github.com/docarray/docarray,docarray.svg,https://www.crunchbase.com/organization/lf-artificial-intelligence-foundation,,Data,Store & Format,sandbox,Apache 2.0,,,,,
,Alluxio,https://www.alluxio.io/,https://github.com/alluxio/alluxio,alluxio.svg,https://www.crunchbase.com/organization/alluxio,https://twitter.com/alluxio,Data,Store & Format,,,,,,,
,Apache Iceberg,https://iceberg.apache.org/,https://github.com/apache/iceberg,iceberg.svg,https://www.crunchbase.com/organization/apache,,Data,Store & Format,,,,,,,
,Apache ORC,https://orc.apache.org/,https://github.com/apache/orc,apache-orc.svg,https://www.crunchbase.com/organization/apache,https://twitter.com/apacheorc,Data,Store & Format,,,,,,,
,AresDB,https://eng.uber.com/aresdb/,https://github.com/uber/aresdb,aresdb.svg,https://www.crunchbase.com/organization/uber,,Data,Store & Format,,,,,,,
,Arrow,https://arrow.apache.org/,https://github.com/apache/arrow,arrow.svg,https://www.crunchbase.com/organization/apache,https://twitter.com/ApacheArrow,Data,Store & Format,,,,,,,
,Avro,https://avro.apache.org/,https://github.com/apache/avro,avro.svg,https://www.crunchbase.com/organization/apache,,Data,Store & Format,,,,,,,
,Ceph,https://www.ceph.io/en/,https://github.com/ceph/ceph,ceph.svg,https://www.crunchbase.com/organization/red-hat,https://twitter.com/Ceph,Data,Store & Format,,,,,,,
,Delta Lake,https://delta.io/,https://github.com/delta-io/delta,deltalake.svg,https://www.crunchbase.com/organization/databricks,https://twitter.com/DeltaLakeOSS,Data,Store & Format,,,,,,,
,Druid,https://druid.apache.org/,https://github.com/apache/druid,apache-druid.svg,https://www.crunchbase.com/organization/apache,https://twitter.com/druidio,Data,Store & Format,,,,,,,
,Hudi,https://eng.uber.com/hoodie/,https://github.com/apache/hudi,hudi.svg,https://www.crunchbase.com/organization/uber,,Data,Store & Format,,,,,,,
,HugeGraph,https://hugegraph.apache.org/,https://github.com/apache/incubator-hugegraph,hugegraph.svg,https://www.crunchbase.com/organization/apache,,Data,Store & Format,,,,,,,
,InfluxDB,https://www.influxdata.com/,https://github.com/influxdata/influxdb,influx.svg,https://www.crunchbase.com/organization/influxdb,,Data,Store & Format,,,,,,,
,JanusGraph,https://janusgraph.org/,https://github.com/JanusGraph/janusgraph,janusgraph.svg,https://www.crunchbase.com/organization/lf-artificial-intelligence-foundation,https://twitter.com/janusgraph,Data,Store & Format,incubating,,,,,,
,Milvus,https://milvus.io,https://github.com/milvus-io/milvus,milvus.svg,https://www.crunchbase.com/organization/lf-artificial-intelligence-foundation,https://twitter.com/milvusio,Data,Store & Format,graduated,,,,,,
,pandas,https://pandas.pydata.org/,https://github.com/pandas-dev/pandas,pandas.svg,https://www.crunchbase.com/organization/ursa-computing,https://twitter.com/pandas_dev,Data,Store & Format,,,,,,,
,Parquet,https://parquet.apache.org/,https://github.com/apache/parquet-format,parquet.svg,https://www.crunchbase.com/organization/apache,https://twitter.com/apacheparquet,Data,Store & Format,,,,,,,
,Pilosa,https://www.pilosa.com/,https://github.com/pilosa/pilosa,pilosa.svg,https://www.crunchbase.com/organization/pilosa,,Data,Store & Format,,,,,,,
,VEARCH,https://vearch.github.io/,https://github.com/vearch/vearch,vearch.svg,https://www.crunchbase.com/organization/jd-com,https://twitter.com/ai_vearch,Data,Store & Format,,,,,,,
,Vespa,https://vespa.ai/,https://github.com/vespa-engine/vespa,vespa.svg,https://www.crunchbase.com/organization/verizon-media,https://twitter.com/vespaengine,Data,Store & Format,,,,,,,
,Vineyard,https://v6d.io/,https://github.com/v6d-io/v6d,vineyard.svg,https://www.crunchbase.com/organization/cloud-native-computing-foundation,,Data,Store & Format,,,Vineyard (v6d) is an in-memory immutable data manager.,,,,
,dotmesh,https://dotmesh.com/,https://github.com/dotmesh-io/dotmesh,dotmesh.svg,https://www.crunchbase.com/organization/dotscience,,Data,Versioning,,,,,,,
,DVC,https://dvc.org/,https://github.com/iterative/dvc,dvc.svg,https://www.crunchbase.com/organization/iterative,https://twitter.com/iterativeai,Data,Versioning,,,,,,,
,Quilt Data,https://docs.quiltdata.com/,https://github.com/quiltdata/quilt,quiltdata.svg,https://www.crunchbase.com/organization/quilt-data,,Data,Versioning,,,,,,,
,Mathesar,https://mathesar.org,https://github.com/centerofci/mathesar,mathesar.svg,https://www.crunchbase.com/organization/center-of-complex-interventions,,Data,Operations,,GPL 3.0,,,,,
,Amundsen,https://www.amundsen.io/,https://github.com/amundsen-io/amundsen,amundsen.svg,https://www.crunchbase.com/organization/lf-artificial-intelligence-foundation,,Data,Operations,incubating,,,,,,
,Apache Hive,https://hive.apache.org/,https://github.com/apache/hive,hive.svg,https://www.crunchbase.com/organization/apache,,Data,Operations,,,,,,,
,CKAN,https://ckan.org/,https://github.com/ckan/ckan,ckan.svg,https://www.crunchbase.com/organization/open-knowledge-foundation,https://twitter.com/ckanproject,Data,Operations,,,,,,,
,DataHub,https://github.com/datahub-project/datahub,https://github.com/datahub-project/datahub,datahub.svg,https://www.crunchbase.com/organization/linkedin,,Data,Operations,,,,,,,
,Datashim,https://github.com/datashim-io/datashim,https://github.com/datashim-io/datashim,datashim.svg,https://www.crunchbase.com/organization/lf-artificial-intelligence-foundation,,Data,Operations,incubating,,,,,,
,great_expectations,https://greatexpectations.io/,https://github.com/great-expectations/great_expectations,great-expectations.svg,https://www.crunchbase.com/organization/great-expectations-c89a,,Data,Operations,,,,,,,
,Marquez,https://marquezproject.github.io/marquez,https://github.com/MarquezProject/marquez,marquez.svg,https://www.crunchbase.com/organization/lf-artificial-intelligence-foundation,https://twitter.com/MarquezProject,Data,Operations,incubating,,,,,,
,snorkel,https://www.snorkel.org/,https://github.com/snorkel-team/snorkel,snorkel.svg,https://www.crunchbase.com/organization/stanford-university,https://twitter.com/SnorkelAI,Data,Operations,,,,,,,
,whylogs,https://github.com/whylabs/whylogs,https://github.com/whylabs/whylogs,whylogs.svg,https://www.crunchbase.com/organization/whylabs,,Data,Operations,,,,,,,
,Feast,https://feast.dev/,https://github.com/feast-dev/feast,feast.svg,https://www.crunchbase.com/organization/lf-artificial-intelligence-foundation,,Data,Feature Engineering,incubating,,,,,,
,Feathr,https://github.com/linkedin/feathr,https://github.com/linkedin/feathr,feathr.svg,https://www.crunchbase.com/organization/lf-artificial-intelligence-foundation,,Data,Feature Engineering,sandbox,,,,,,
,Featuretools,https://www.featuretools.com/,https://github.com/alteryx/featuretools,featuretools.svg,https://www.crunchbase.com/organization/feature-labs,,Data,Feature Engineering,,,,,,,
,OpenMLDB,https://openmldb.ai/,https://github.com/4paradigm/OpenMLDB,openMLDB.svg,https://www.crunchbase.com/organization/4paradigm,https://twitter.com/openmldb,Data,Feature Engineering,,,,,,,
,tsfresh,https://tsfresh.readthedocs.io/en/latest,https://github.com/blue-yonder/tsfresh,tsfresh.svg,https://www.crunchbase.com/organization/blue-yonder,,Data,Feature Engineering,,,,,,,
,Apache RocketMQ,https://rocketmq.apache.org/,https://github.com/apache/rocketmq,rocketmq.svg,https://www.crunchbase.com/organization/apache,https://twitter.com/ApacheRocketMQ,Data,Stream Processing,,,,,,,
,Beam,https://beam.apache.org,https://github.com/apache/beam,beam.svg,https://www.crunchbase.com/organization/apache,https://twitter.com/ApacheBeam,Data,Stream Processing,,,,,,,
,Brooklin,https://github.com/linkedin/Brooklin,https://github.com/linkedin/Brooklin,brooklin.svg,https://www.crunchbase.com/organization/linkedin,,Data,Stream Processing,,,,,,,
,faust,https://github.com/robinhood/faust,https://github.com/robinhood/faust,faust.svg,https://www.crunchbase.com/organization/robinhood,,Data,Stream Processing,,,,,,,
,Flink,https://flink.apache.org/,https://github.com/apache/flink,apache-flink.svg,https://www.crunchbase.com/organization/apache,https://twitter.com/ApacheFlink,Data,Stream Processing,,,,,,,
,Fluentd,https://www.fluentd.org,https://github.com/fluent/fluentd,fluentd.svg,https://www.crunchbase.com/organization/cloud-native-computing-foundation,https://twitter.com/fluentd,Data,Stream Processing,,,,,,,
,Kafka,https://kafka.apache.org/,https://github.com/apache/kafka,apache-kafka.svg,https://www.crunchbase.com/organization/apache,https://twitter.com/apachekafka,Data,Stream Processing,,,,,,,
,Logstash,https://www.elastic.co/logstash,https://github.com/elastic/logstash,logstash.svg,https://www.crunchbase.com/organization/elasticsearch,https://twitter.com/logstash,Data,Stream Processing,,,,,,,
,NNStreamer,https://nnstreamer.ai/,https://github.com/nnstreamer/nnstreamer,nnstreamer.svg,https://www.crunchbase.com/organization/lf-artificial-intelligence-foundation,https://twitter.com/NnStreamer,Data,Stream Processing,incubating,,,BC94.L,,,
,Pravega,https://github.com/pravega/pravega,https://github.com/pravega/pravega,pravega.svg,https://www.crunchbase.com/organization/dell,https://twitter.com/PravegaIO,Data,Stream Processing,,,,,,,
,PREFECT,https://docs.prefect.io/,https://github.com/PrefectHQ/prefect,prefect.svg,https://www.crunchbase.com/organization/prefect-technologies-inc,,Data,Stream Processing,,,,,,,
,Pulsar,https://pulsar.apache.org,https://github.com/apache/pulsar,pulsar.svg,https://www.crunchbase.com/organization/apache,,Data,Stream Processing,,,,,,,
,Samza,https://samza.apache.org,https://github.com/apache/samza,apache-samza.svg,https://www.crunchbase.com/organization/apache,https://twitter.com/samzastream,Data,Stream Processing,,,,,,,
,uReplicator,https://github.com/uber/uReplicator,https://github.com/uber/uReplicator,ureplicator.svg,https://www.crunchbase.com/organization/uber,,Data,Stream Processing,,,,,,,
,Apache Drill,https://drill.apache.org/,https://github.com/apache/drill,apache-drill.svg,https://www.crunchbase.com/organization/apache,https://twitter.com/ApacheDrill,Data,SQL Engine,,,,,,,
,Hawq,https://hawq.apache.org,https://github.com/apache/hawq,hawq.svg,https://www.crunchbase.com/organization/apache,,Data,SQL Engine,,,,,,,
,Presto,https://prestodb.io/,https://github.com/prestodb/presto,presto.svg,https://www.crunchbase.com/organization/presto-foundation,,Data,SQL Engine,,,,,,,
,SQLFlow,https://sql-machine-learning.github.io/,https://github.com/sql-machine-learning/sqlflow,sqlflow.svg,https://www.crunchbase.com/organization/alibaba,,Data,SQL Engine,,,,,,,
,Trino,https://trino.io/,https://github.com/trinodb/trino,trino.svg,https://www.crunchbase.com/organization/starburst,https://twitter.com/trinodb,Data,SQL Engine,,,,,,,
,bokeh,https://bokeh.org,https://github.com/bokeh/bokeh,bokeh.svg,https://www.crunchbase.com/organization/numfocus,https://twitter.com/BokehPlots,Data,Visualization,,,,,,,
,Carbon,https://www.carbondesignsystem.com/,https://github.com/carbon-design-system/carbon,carbon.svg,https://www.crunchbase.com/organization/ibm,,Data,Visualization,,,,,,,
,D3 (Data-Driven Documents),https://d3js.org,https://github.com/d3/d3,d3.svg,https://www.crunchbase.com/organization/d3js,,Data,Visualization,,,,,,,
,dash,https://github.com/plotly/dash,https://github.com/plotly/dash,dash.svg,https://www.crunchbase.com/organization/plotly,,Data,Visualization,,,,,,,
,deck.gl,https://deck.gl,https://github.com/visgl/deck.gl,deckgl.svg,https://www.crunchbase.com/organization/uber,,Data,Visualization,,,,,,,
,ecco,https://www.eccox.io,https://github.com/jalammar/ecco,ecco.svg,https://www.crunchbase.com/organization/arpeggio,,Data,Visualization,,,,,,,
,Facets,https://pair-code.github.io/facets/,https://github.com/PAIR-code/facets,facets.svg,https://www.crunchbase.com/organization/google,,Data,Visualization,,,,,,,
,Grafana,https://grafana.com,https://github.com/grafana/grafana,grafana.svg,https://www.crunchbase.com/organization/raintank,,Data,Visualization,,,,,,,
,Metabase,https://metabase.com,https://github.com/metabase/metabase,metabase.svg,https://www.crunchbase.com/organization/metabase,,Data,Visualization,,,,,,,
,Prometheus,https://prometheus.io/,https://github.com/prometheus/prometheus,prometheus.svg,https://www.crunchbase.com/organization/cloud-native-computing-foundation,https://twitter.com/PrometheusIO,Data,Visualization,,,,,,,
,RCloud,https://rcloud.social/index.html,https://github.com/att/rcloud,rcloud.svg,https://www.crunchbase.com/organization/at-t,,Data,Visualization,,,,,,,
,redash,https://redash.io/,https://github.com/getredash/redash,redash.svg,https://www.crunchbase.com/organization/redash,,Data,Visualization,,,,,,,
,seaborn,https://seaborn.pydata.org/,https://github.com/mwaskom/seaborn,seaborn.svg,https://www.crunchbase.com/organization/new-york-university,,Data,Visualization,,,,,,,
,Superset,https://superset.apache.org,https://github.com/apache/superset,superset.svg,https://www.crunchbase.com/organization/apache,,Data,Visualization,,,,,,,
,TensorBoard,https://github.com/tensorflow/tensorboard,https://github.com/tensorflow/tensorboard,tensorboard.svg,https://www.crunchbase.com/organization/google,,Data,Visualization,,,,,,,
,Analytics Zoo,https://pypi.org/project/analytics-zoo/,https://github.com/intel-analytics/analytics-zoo,analytics-zoo.svg,https://www.crunchbase.com/organization/intel,,Data,Pipeline Management,,,,,,,
,Apache Oozie,https://oozie.apache.org,https://github.com/apache/oozie,oozie.svg,https://www.crunchbase.com/organization/apache,,Data,Pipeline Management,,,,,,,
,Artigraph,https://github.com/artigraph/,https://github.com/artigraph/artigraph,artigraph.svg,https://www.crunchbase.com/organization/lf-artificial-intelligence-foundation,,Data,Pipeline Management,sandbox,,,,,,
,DAGSTER,https://dagster.io/,https://github.com/dagster-io/dagster,dagster.svg,https://www.crunchbase.com/organization/elementl,,Data,Pipeline Management,,,,,,,
,PiFlow,https://github.com/cas-bigdatalab/piflow/,https://github.com/cas-bigdatalab/piflow,piflow.svg,https://www.crunchbase.com/organization/tencent,,Data,Pipeline Management,,,,,,,
,Tekton Pipelines,https://tekton.dev/,https://github.com/tektoncd/pipeline,tekton.svg,https://www.crunchbase.com/organization/continuous-delivery-foundation-cdf,https://twitter.com/tektoncd,Data,Pipeline Management,,,,,,,
,TPOT,https://automl.info/tpot/,https://github.com/EpistasisLab/tpot,tpot.svg,https://www.crunchbase.com/organization/university-of-pennsylvania,,Data,Pipeline Management,,,,,,,
,Xtreme1,https://xtreme1.io,https://github.com/xtreme1-io/xtreme1,xtreme1.svg,https://www.crunchbase.com/organization/lf-artificial-intelligence-foundation,,Data,Labeling & Annotation,sandbox,Apache 2.0,,,,,
,Computer Vision Annotation Tool (CVAT),https://github.com/openvinotoolkit/cvat,https://github.com/openvinotoolkit/cvat,cvat.svg,https://www.crunchbase.com/organization/intel,,Data,Labeling & Annotation,,,,,,,
,doccano,https://doccano.herokuapp.com,https://github.com/doccano/doccano,doccano.svg,https://www.crunchbase.com/organization/docanno,,Data,Labeling & Annotation,,,,,,,
,Label Studio,https://labelstud.io,https://github.com/heartexlabs/label-studio,labelstudio.svg,https://www.crunchbase.com/organization/heartex,,Data,Labeling & Annotation,,,,,,,
,Labelbox,https://www.labelbox.com,https://github.com/Labelbox/Labelbox,labelbox.svg,https://www.crunchbase.com/organization/labelbox,,Data,Labeling & Annotation,,,,,,,
,LabelImg,https://github.com/tzutalin/labelImg,https://github.com/tzutalin/labelImg,labelimg.svg,https://www.crunchbase.com/organization/labelimg,,Data,Labeling & Annotation,,,,,,,
,Semantic Segmentation Editor,https://github.com/Hitachi-Automotive-And-Industry-Lab/semantic-segmentation-editor,https://github.com/Hitachi-Automotive-And-Industry-Lab/semantic-segmentation-editor,sse.svg,https://www.crunchbase.com/organization/hitachi,,Data,Labeling & Annotation,,,,,,,
,Visual Object Tagging Tool (VoTT),https://github.com/Microsoft/VoTT,https://github.com/Microsoft/VoTT,vott.svg,https://www.crunchbase.com/organization/microsoft,,Data,Labeling & Annotation,,,,,,,
,Community Data License Agreement (CDLA),https://cdla.dev,https://github.com/lfai/CDLA,cdla.svg,https://www.crunchbase.com/organization/linux-foundation,,Data,Governance,,,,,,,
,Egeria,https://egeria-project.org,https://github.com/odpi/egeria,egeria.svg,https://www.crunchbase.com/organization/lf-artificial-intelligence-foundation,,Data,Governance,graduated,Apache 2.0,,,"[{'repo_url': 'https://github.com/odpi/egeria'}, {'repo_url': 'https://github.com/odpi/egeria-docs'}, {'repo_url': 'https://github.com/odpi/egeria-charts'}, {'repo_url': 'https://github.com/odpi/egeria-connector-xtdb'}, {'repo_url': 'https://github.com/odpi/egeria-connector-hivemetastore'}, {'repo_url': 'https://github.com/odpi/egeria-connector-ibm-information-server'}, {'repo_url': 'https://github.com/odpi/egeria-connector-hadoop-ecosystem'}, {'repo_url': 'https://github.com/odpi/egeria-connector-omrs-caching'}, {'repo_url': 'https://github.com/odpi/egeria-connector-sas-viya'}, {'repo_url': 'https://github.com/odpi/egeria-connector-integration-event-schema'}, {'repo_url': 'https://github.com/odpi/egeria-connector-integration-topic-strimzi'}, {'repo_url': 'https://github.com/odpi/egeria-react-ui'}, {'repo_url': 'https://github.com/odpi/egeria-ui'}, {'repo_url': 'https://github.com/odpi/egeria-ui-core'}, {'repo_url': 'https://github.com/odpi/egeria-ui-components'}, {'repo_url': 'https://github.com/odpi/egeria-js-commons'}, {'repo_url': 'https://github.com/odpi/egeria-samples'}, {'repo_url': 'https://github.com/odpi/egeria-samples-api'}, {'repo_url': 'https://github.com/odpi/egeria-connector-repository-file-sample'}, {'repo_url': 'https://github.com/odpi/egeria-database-connectors'}, {'repo_url': 'https://github.com/odpi/egeria-api-mocks'}, {'repo_url': 'https://github.com/odpi/egeria-template-newrepo'}, {'repo_url': 'https://github.com/odpi/egeria-jupyter-notebooks'}, {'repo_url': 'https://github.com/odpi/egeria-k8s-operator'}, {'repo_url': 'https://github.com/odpi/egeria-dev-projects'}, {'repo_url': 'https://github.com/odpi/egeria-python'}, {'repo_url': 'https://github.com/odpi/egeria-palisade'}, {'repo_url': 'https://github.com/odpi/data-governance'}, {'repo_url': 'https://github.com/odpi/happi-graph'}]",,
,CleanRL,https://chainerrl.readthedocs.io/en/latest/,https://github.com/vwxyzjn/cleanrl,CleanRL.svg,https://www.crunchbase.com/organization/drexel-university,,Reinforcement Learning,Reinforcement Learning,,MIT License,,,,,
,Chainer RL,https://chainerrl.readthedocs.io/en/latest/,https://github.com/chainer/chainerrl,chainer-rl.svg,https://www.crunchbase.com/organization/preferred-networks,,Reinforcement Learning,Reinforcement Learning,,,,,,,
,Coach,https://nervanasystems.github.io/coach/,https://github.com/IntelLabs/coach,coach.svg,https://www.crunchbase.com/organization/intel,,Reinforcement Learning,Reinforcement Learning,,,,,,,
,DeepMind Lab,https://github.com/deepmind/lab,https://github.com/deepmind/lab,deepmindlab.svg,https://www.crunchbase.com/organization/google,https://twitter.com/deepmind,Reinforcement Learning,Reinforcement Learning,,,,,,,
,Dopamine,https://github.com/google/dopamine,https://github.com/google/dopamine,dopamine.svg,https://www.crunchbase.com/organization/google,https://twitter.com/dopamine_ai,Reinforcement Learning,Reinforcement Learning,,,,,,,
,Horizon,https://engineering.fb.com/2018/11/01/ml-applications/horizon,https://github.com/facebookresearch/ReAgent,horizon.svg,https://www.crunchbase.com/organization/facebook,,Reinforcement Learning,Reinforcement Learning,,,,,,,
,OpenAI Gym,https://www.gymlibrary.ml,https://github.com/openai/gym,openai.svg,https://www.crunchbase.com/organization/openai,,Reinforcement Learning,Reinforcement Learning,,,,,,,
,PlaNet,https://planetrl.github.io/,https://github.com/google-research/planet,planet.svg,https://www.crunchbase.com/organization/google,,Reinforcement Learning,Reinforcement Learning,,,,,,,
,SEED RL,https://github.com/google-research/seed_rl,https://github.com/google-research/seed_rl,seed-rl.svg,https://www.crunchbase.com/organization/google,,Reinforcement Learning,Reinforcement Learning,,,,,,,
,Stable Baselines,https://stable-baselines.readthedocs.io/en/master,https://github.com/hill-a/stable-baselines,stable-baselines.svg,https://www.crunchbase.com/organization/stable-baselines-open-source-project,,Reinforcement Learning,Reinforcement Learning,,,,,,,
,ALBERT,https://github.com/google-research/ALBERT,https://github.com/google-research/ALBERT,albert.svg,https://www.crunchbase.com/organization/google,,Natural Language Processing,Natural Language Processing,,,,,,,
,AllenNLP,https://allenai.org/allennlp,https://github.com/allenai/allennlp,allennlp.svg,https://www.crunchbase.com/organization/allen-institute-for-artificial-intelligence,https://twitter.com/ai2_allennlp,Natural Language Processing,Natural Language Processing,,,,,,,
,Apache UIMA,https://uima.apache.org/,https://github.com/apache/uima-uimaj,uima.svg,https://www.crunchbase.com/organization/apache,https://twitter.com/apacheuima,Natural Language Processing,Natural Language Processing,,,,,,,
,BERT,https://github.com/google-research/bert,https://github.com/google-research/bert,bert.svg,https://www.crunchbase.com/organization/google,,Natural Language Processing,Natural Language Processing,,,,,,,
,CoreNLP,https://stanfordnlp.github.io/CoreNLP/,https://github.com/stanfordnlp/CoreNLP,corenlp.svg,https://www.crunchbase.com/organization/stanford-university,,Natural Language Processing,Natural Language Processing,,,,,,,
,DeepSpeech,https://deepspeech.readthedocs.io/en/latest,https://github.com/mozilla/DeepSpeech,deepspeech.svg,https://www.crunchbase.com/organization/mozilla-foundation,,Natural Language Processing,Natural Language Processing,,,,,,,
,DELTA,https://delta-didi.readthedocs.io/en/latest,https://github.com/Delta-ML/delta,delta.svg,https://www.crunchbase.com/organization/lf-artificial-intelligence-foundation,,Natural Language Processing,Natural Language Processing,incubating,,,,,,
,fastText,https://fasttext.cc/,https://github.com/facebookresearch/fastText,fasttext.svg,https://www.crunchbase.com/organization/facebook,,Natural Language Processing,Natural Language Processing,,,,,,,
,Flair,https://github.com/flairNLP/flair,https://github.com/flairNLP/flair,flair.svg,https://www.crunchbase.com/organization/zalando,,Natural Language Processing,Natural Language Processing,,,,,,,
,Gluon-NLP,https://nlp.gluon.ai,https://github.com/dmlc/gluon-nlp,gluon.svg,https://www.crunchbase.com/organization/gluon-open-source-project,,Natural Language Processing,Natural Language Processing,,,,,,,
,Haystack,https://haystack.deepset.ai/,https://github.com/deepset-ai/haystack,haystack.svg,https://www.crunchbase.com/organization/deepset,https://twitter.com/deepset_ai,Natural Language Processing,Natural Language Processing,,,,,,,
,Kashgari,https://github.com/BrikerMan/Kashgari,https://github.com/BrikerMan/Kashgari,kashgari.svg,https://www.crunchbase.com/organization/kashgari-open-source-project,,Natural Language Processing,Natural Language Processing,,,,,,,
,LASER,https://github.com/facebookresearch/LASER,https://github.com/facebookresearch/LASER,laser.svg,https://www.crunchbase.com/organization/facebook,,Natural Language Processing,Natural Language Processing,,,,,,,
,Lucene,https://lucene.apache.org/,https://github.com/apache/lucene-solr,lucene.svg,https://www.crunchbase.com/organization/apache,,Natural Language Processing,Natural Language Processing,,,,,,,
,MindMeld,https://www.mindmeld.com/index.html,https://github.com/cisco/mindmeld,mindmeld.svg,https://www.crunchbase.com/organization/cisco,,Natural Language Processing,Natural Language Processing,,,,,,,
,NLP Architect,https://intellabs.github.io/nlp-architect,https://github.com/IntelLabs/nlp-architect,nlp-architect.svg,https://www.crunchbase.com/organization/intel,,Natural Language Processing,Natural Language Processing,,,,,,,
,OpenNLP,https://opennlp.apache.org/,https://github.com/apache/opennlp,opennlp.svg,https://www.crunchbase.com/organization/apache,https://twitter.com/ApacheOpennlp,Natural Language Processing,Natural Language Processing,,,,,,,
,ParlAI,https://parl.ai/,https://github.com/facebookresearch/ParlAI,parlai.svg,https://www.crunchbase.com/organization/facebook,https://twitter.com/parlai_parley,Natural Language Processing,Natural Language Processing,,,,,,,
,PyText,https://pytext.readthedocs.io/en/master,https://github.com/facebookresearch/pytext,pytext.svg,https://www.crunchbase.com/organization/facebook,,Natural Language Processing,Natural Language Processing,,,,,,,
,RASA NLU,https://rasa.com/,https://github.com/RasaHQ/rasa,rasa.svg,https://www.crunchbase.com/organization/rasa,,Natural Language Processing,Natural Language Processing,,,,,,,
,RosaeNLG,https://rosaenlg.org,https://github.com/RosaeNLG/rosaenlg,rosaenlg.svg,https://www.crunchbase.com/organization/lf-artificial-intelligence-foundation,,Natural Language Processing,Natural Language Processing,sandbox,,,,,,
,spaCy,https://spacy.io,https://github.com/explosion/spaCy,spacy.svg,https://www.crunchbase.com/organization/explosion-ai,https://twitter.com/spacy_io,Natural Language Processing,Natural Language Processing,,,,,,,
,Spark-NLP,https://nlp.johnsnowlabs.com,https://github.com/JohnSnowLabs/spark-nlp,spark-nlp.svg,https://www.crunchbase.com/organization/john-snow-labs-inc,,Natural Language Processing,Natural Language Processing,,,,,,,
,Transformers,https://huggingface.co/docs/transformers/index,https://github.com/huggingface/transformers,transformers.svg,https://www.crunchbase.com/organization/hugging-face,,Natural Language Processing,Natural Language Processing,,,,,,,
,XLM,https://github.com/facebookresearch/XLM,https://github.com/facebookresearch/XLM,xlm.svg,https://www.crunchbase.com/organization/facebook,,Natural Language Processing,Natural Language Processing,,,,,,,
,YouTokenToMe,https://github.com/VKCOM/YouTokenToMe,https://github.com/VKCOM/YouTokenToMe,YouTokenToMe.svg,https://www.crunchbase.com/organization/vk,,Natural Language Processing,Natural Language Processing,,,,,,,
,Adlik,https://adlik.ai/,https://github.com/Adlik/Adlik,adlik.svg,https://www.crunchbase.com/organization/lf-artificial-intelligence-foundation,,Model,Inference,incubating,,,,,,
,CausalML,https://causalml.readthedocs.io/en/latest/about.html,https://github.com/uber/causalml,causalml.svg,https://www.crunchbase.com/organization/uber,,Model,Inference,,,,,,,
,KServe,https://kserve.github.io/website/,https://github.com/kserve/kserve,kserve.svg,https://www.crunchbase.com/organization/lf-artificial-intelligence-foundation,,Model,Inference,incubating,,,,,,
,MNN,https://github.com/alibaba/MNN,https://github.com/alibaba/MNN,mnn.svg,https://www.crunchbase.com/organization/alibaba,,Model,Inference,,,,,,,
,TensorRT,https://developer.nvidia.com/tensorrt,https://github.com/NVIDIA/TensorRT,tensorrt.svg,https://www.crunchbase.com/organization/nvidia,,Model,Inference,,,,,,,
,TensorRT Inference Server,https://github.com/triton-inference-server/server,https://github.com/triton-inference-server/server,tensorrt-inferenceserver.svg,https://www.crunchbase.com/organization/nvidia,,Model,Inference,,,,,,,
,uTensor,https://github.com/uTensor/uTensor,https://github.com/uTensor/uTensor,uTensor.svg,https://www.crunchbase.com/organization/arm,,Model,Inference,,,,,,,
,FATE,https://www.fedai.org/,https://github.com/FederatedAI/FATE,fate.svg,https://www.crunchbase.com/organization/lf-artificial-intelligence-foundation,,Model,Federated Learning,incubating,,,,,,
,OpenFL,https://openfl.readthedocs.io/en/latest,https://github.com/intel/openfl,openfl.svg,https://www.crunchbase.com/organization/lf-artificial-intelligence-foundation,,Model,Federated Learning,sandbox,,,,,,
,PySyft,https://blog.openmined.org/tag/pysyft/,https://github.com/OpenMined/PySyft,pysyft.svg,https://www.crunchbase.com/organization/openmined,,Model,Federated Learning,,,,,,,
,Substra,https://github.com/Substra/substra,https://github.com/Substra/substra,substra.svg,https://www.crunchbase.com/organization/lf-artificial-intelligence-foundation,,Model,Federated Learning,incubating,,,,,,
,TensorFlow Federated,https://www.tensorflow.org/federated,https://github.com/tensorflow/federated,tf_federated.svg,https://www.crunchbase.com/organization/google,,Model,Federated Learning,,,,,,,
,DeepSpeed,https://www.deepspeed.ai/,https://github.com/microsoft/DeepSpeed,deepspeed.svg,https://www.crunchbase.com/organization/microsoft,,Model,Training,,Apache 2.0,,,,,
,Embedded Learning Library,https://microsoft.github.io/ELL/,https://github.com/Microsoft/ELL,embedded-learning-library.svg,https://www.crunchbase.com/organization/microsoft,,Model,Training,,,,,,,
,Horovod,https://horovod.ai/,https://github.com/horovod/horovod,horovod.svg,https://www.crunchbase.com/organization/lf-artificial-intelligence-foundation,,Model,Training,graduated,,,,,,
,Ludwig,https://ludwig-ai.github.io/ludwig-docs/,https://github.com/ludwig-ai/ludwig,ludwig.svg,https://www.crunchbase.com/organization/lf-artificial-intelligence-foundation,,Model,Training,incubating,,,,,,
,Petastorm,https://eng.uber.com/petastorm/,https://github.com/uber/petastorm,petastorm.svg,https://www.crunchbase.com/organization/uber,,Model,Training,,,,,,,
,TorchRec,https://pytorch.org/torchrec/,https://github.com/pytorch/torchrec,torchrec.svg,https://www.crunchbase.com/organization/facebook,,Model,Training,,,,,,,
,HyperOpt,https://hyperopt.github.io/hyperopt/,https://github.com/hyperopt/hyperopt,hyperopt.svg,https://www.crunchbase.com/organization/university-of-waterloo,,Model,Parameter,,,,,,,
,Katib,https://github.com/kubeflow/katib,https://github.com/kubeflow/katib,katib.svg,https://www.crunchbase.com/organization/google,,Model,Parameter,,,,,,,
,talos,https://github.com/autonomio/talos,https://github.com/autonomio/talos,talos.svg,https://www.crunchbase.com/organization/autonomio,,Model,Parameter,,,,,,,
,Neuropod,https://neuropod.ai/docs/stable,https://github.com/uber/neuropod,neuropod.svg,https://www.crunchbase.com/organization/uber,,Model,Format & Interface,,,,,,,
,ONNX,https://onnx.ai/,https://github.com/onnx/onnx,onnx.svg,https://www.crunchbase.com/organization/lf-artificial-intelligence-foundation,https://twitter.com/onnxai,Model,Format & Interface,graduated,,,,,,
,Acumos,https://www.acumos.org/,https://github.com/acumos/documentation,acumos.svg,https://www.crunchbase.com/organization/lf-artificial-intelligence-foundation,,Model,Marketplace,archived,,,,,,
,Machine Learning eXchange,https://www.ml-exchange.org/,https://github.com/machine-learning-exchange/mlx,mlx.svg,https://www.crunchbase.com/organization/lf-artificial-intelligence-foundation,,Model,Marketplace,sandbox,,,,,,
,Model Asset eXchange (MAX),https://developer.ibm.com,https://github.com/IBM/MAX-Base,max.svg,https://www.crunchbase.com/organization/ibm,,Model,Marketplace,,,,,,,
,CLAIMED,https://github.com/claimed-framework/,https://github.com/claimed-framework/component-library,claimed.svg,https://www.crunchbase.com/organization/lf-artificial-intelligence-foundation,,Model,Workflow,sandbox,Apache 2.0,,,,,
,Apache Airflow,https://airflow.apache.org/,https://github.com/apache/airflow,apache-airflow.svg,https://www.crunchbase.com/organization/apache,https://twitter.com/ApacheAirflow,Model,Workflow,,,,,,,
,Apache Nifi,https://nifi.apache.org,https://github.com/apache/nifi,apache-nifi.svg,https://www.crunchbase.com/organization/apache,https://twitter.com/apachenifi,Model,Workflow,,,,,,,
,Argo,https://argoproj.github.io/,https://github.com/argoproj/argo-workflows,argo.svg,https://www.crunchbase.com/organization/intuit,https://twitter.com/argoproj,Model,Workflow,,,,,,,
,Azkaban,https://azkaban.github.io,https://github.com/azkaban/azkaban,azkaban.svg,https://www.crunchbase.com/organization/linkedin,,Model,Workflow,,,,,,,
,BentoML,https://www.bentoml.com,https://github.com/bentoml/BentoML,bentoml.svg,https://www.crunchbase.com/organization/bentoml,,Model,Workflow,,,,,,,
,Cadence,https://cadenceworkflow.io/,https://github.com/uber/cadence,cadence.svg,https://www.crunchbase.com/organization/uber,,Model,Workflow,,,,,,,
,Couler,https://github.com/couler-proj/couler,https://github.com/couler-proj/couler,couler.svg,https://www.crunchbase.com/organization/ant-financial,https://twitter.com/CoulerProject,Model,Workflow,,,,,,,
,Cyclone,https://github.com/caicloud/cyclone,https://github.com/caicloud/cyclone,cyclone.svg,https://www.crunchbase.com/organization/caicloud,,Model,Workflow,,,,,,,
,d6tflow,https://d6tflow.readthedocs.io/en/latest,https://github.com/d6t/d6tflow,d6tflow.svg,https://www.crunchbase.com/organization/databolt,,Model,Workflow,,,,,,,
,Flyte,https://flyte.org,https://github.com/flyteorg/flyte,flyte.svg,https://www.crunchbase.com/organization/lf-artificial-intelligence-foundation,https://twitter.com/flyteorg,Model,Workflow,graduated,,,,,,
,Kedro,https://kedro.org/,https://github.com/kedro-org/kedro,kedro.svg,https://www.crunchbase.com/organization/lf-artificial-intelligence-foundation,,Model,Workflow,incubating,,,,,,
,Kestra,https://kestra.io/,https://github.com/kestra-io/kestra,kestra.svg,https://www.crunchbase.com/organization/kestra,,Model,Workflow,,,,,,,
,Luigi,https://github.com/spotify/luigi,https://github.com/spotify/luigi,luigi.svg,https://www.crunchbase.com/organization/spotify,,Model,Workflow,,,,,,,
,mleap,https://mleap-docs.combust.ml,https://github.com/combust/mleap,mleap.svg,https://www.crunchbase.com/organization/combust-ml,,Model,Workflow,,,,,,,
,Orchest,https://orchest.io/,https://github.com/orchest/orchest,orchest.svg,https://www.crunchbase.com/organization/orchest,https://twitter.com/orchestofficial,Model,Workflow,,,,,,,
,Prefect,https://docs.prefect.io/,https://github.com/prefecthq/prefect,prefect.svg,https://www.crunchbase.com/organization/prefect-technologies-inc,,Model,Workflow,,,,,,,
,TRAINS,https://github.com/allegroai/clearml,https://github.com/allegroai/clearml,trains.svg,https://www.crunchbase.com/organization/allegro-ai,,Model,Workflow,,,,,,,
,Volcano,https://github.com/volcano-sh/volcano,https://github.com/volcano-sh/volcano,volcano.svg,https://www.crunchbase.com/organization/huawei,,Model,Workflow,,,,,,,
,DAWNBench,https://dawn.cs.stanford.edu/benchmark/,https://github.com/stanford-futuredata/dawn-bench-entries,dawnbench.svg,https://www.crunchbase.com/organization/stanford-university,,Model,Benchmarking,,,,,,,
,MLPerf,https://mlcommons.org/en,https://github.com/mlcommons/training,mlperf.svg,https://www.crunchbase.com/organization/ml-perf,https://twitter.com/mlperf1,Model,Benchmarking,,,,,,,
,AIMET,https://github.com/quic/aimet,https://github.com/quic/aimet,aimet.svg,https://www.crunchbase.com/organization/qualcomm-innovation-center,,Model,Tool,,,,,,,
,Clipper,https://auction.whois.ai,https://github.com/ucbrise/clipper,clipper.svg,https://www.crunchbase.com/organization/uc-berkeley-riselab,,Model,Tool,,,,,,,
,dlrm,https://github.com/facebookresearch/dlrm,https://github.com/facebookresearch/dlrm,dlrm.svg,https://www.crunchbase.com/organization/facebook,,Model,Tool,,,,,,,
,FlagAI,https://github.com/BAAI-Open/FlagAI,https://github.com/BAAI-Open/FlagAI,FlagAI.svg,https://www.crunchbase.com/organization/lf-artificial-intelligence-foundation,,Model,Tool,sandbox,,,,,,
,FLAML,https://github.com/microsoft/FLAML,https://github.com/microsoft/FLAML,flaml.svg,https://www.crunchbase.com/organization/microsoft,,Model,Tool,,,,,,,
,MMdnn,https://github.com/Microsoft/MMdnn,https://github.com/Microsoft/MMdnn,mmdnn.svg,https://www.crunchbase.com/organization/microsoft,,Model,Tool,,,,,,,
,Model Server for Apache MXNet,https://github.com/awslabs/multi-model-server,https://github.com/awslabs/multi-model-server,mms.svg,https://www.crunchbase.com/organization/amazon-web-services,,Model,Tool,,,,,,,
,ModelDB,https://github.com/VertaAI/modeldb,https://github.com/VertaAI/modeldb,modeldb.svg,https://www.crunchbase.com/organization/vertaai,,Model,Tool,,,,,,,
,Neo-AI,https://github.com/neo-ai/neo-ai-dlr,https://github.com/neo-ai/neo-ai-dlr,neo-ai.svg,https://www.crunchbase.com/organization/amazon,,Model,Tool,,,,,,,
,Netron,https://github.com/lutzroeder/netron,https://github.com/lutzroeder/netron,netron.svg,https://www.crunchbase.com/organization/netron-open-source-project,,Model,Tool,,,,,,,
,ONNX Runtime,https://github.com/microsoft/onnxruntime,https://github.com/microsoft/onnxruntime,onnx-runtime.svg,https://www.crunchbase.com/organization/microsoft,https://twitter.com/onnxruntime,Model,Tool,,,,,,,
,Pipeline.ai,https://www.datascienceonaws.com,https://github.com/PipelineAI/pipeline,pipelineai.svg,https://www.crunchbase.com/organization/pipelineio,https://twitter.com/mysticdotai,Model,Tool,,,,,,,
,studio.ml,https://www.studio.ml,https://github.com/studioml/studio,studio.ml.svg,https://www.crunchbase.com/organization/sentient,https://twitter.com/StudiomlDev,Model,Tool,,,,,,,
,TensorFlow Model Analysis,https://github.com/tensorflow/model-analysis,https://github.com/tensorflow/model-analysis,tf_model_analysis.svg,https://www.crunchbase.com/organization/google,,Model,Tool,,,,,,,
,TorchServe,https://pytorch.org/serve/,https://github.com/pytorch/serve,torchserve.svg,https://www.crunchbase.com/organization/amazon-web-services,,Model,Tool,,,,,,,
,Turi Create,https://github.com/apple/turicreate,https://github.com/apple/turicreate,turi.svg,https://www.crunchbase.com/organization/apple,,Model,Tool,,,,,,,
,Dask,https://docs.dask.org/en/latest/,https://github.com/dask/dask,dask.svg,https://www.crunchbase.com/organization/continuum-analytics,,Programming,Programming,,,,,,,
,Infer.net,https://dotnet.github.io/infer/,https://github.com/dotnet/infer,infernet.svg,https://www.crunchbase.com/organization/microsoft,,Programming,Programming,,,,,,,
,Julia,https://julialang.org/,https://github.com/JuliaLang/julia,julia.svg,https://www.crunchbase.com/organization/numfocus,https://twitter.com/JuliaLanguage,Programming,Programming,,,,,,,
,Kompute,https://kompute.cc,https://github.com/KomputeProject/kompute,kompute.svg,https://www.crunchbase.com/organization/lf-artificial-intelligence-foundation,,Programming,Programming,incubating,,,,,https://github.com/KomputeFoundation/kompute,
,MARS,https://github.com/mars-project/mars,https://github.com/mars-project/mars,mars.svg,https://www.crunchbase.com/organization/alibaba-cloud,,Programming,Programming,,,,,,,
,Numba,https://numba.readthedocs.io/en/stable/index.html,https://github.com/numba/numba,numba.svg,https://www.crunchbase.com/organization/continuum-analytics,,Programming,Programming,,,,,,,
,NumPy,https://numpy.org/,https://github.com/numpy/numpy,num-py.svg,https://www.crunchbase.com/organization/numpy,,Programming,Programming,,,,,,,
,Nyoka,https://nyoka-pmml.github.io/nyoka/,https://github.com/SoftwareAG/nyoka,nyoka.svg,https://www.crunchbase.com/organization/software-ag,,Programming,Programming,,,,,,,
,Pomegranete,https://pomegranate.readthedocs.io/en/latest/,https://github.com/jmschrei/pomegranate,pomegranate.svg,https://www.crunchbase.com/organization/pomegranate-open-source-project,,Programming,Programming,,,,,,,
,PyMC3,https://docs.pymc.io/en/v3,https://github.com/pymc-devs/pymc,pymc3.svg,https://www.crunchbase.com/organization/numfocus,,Programming,Programming,,,,,,,
,Pyro,http://pyro.ai/,https://github.com/pyro-ppl/pyro,pyro.svg,https://www.crunchbase.com/organization/lf-artificial-intelligence-foundation,,Programming,Programming,graduated,,,,,,
,Python,https://www.python.org,https://github.com/python/cpython,python.svg,https://www.crunchbase.com/organization/python-software-foundation,,Programming,Programming,,,,,,,
,RStudio IDE,https://www.rstudio.com,https://github.com/rstudio/rstudio,rstudio-project.svg,https://www.crunchbase.com/organization/rstudio,,Programming,Programming,,,,,,,
,SciPy,https://www.scipy.org/,https://github.com/scipy/scipy,scipy.svg,https://www.crunchbase.com/organization/enthought,,Programming,Programming,,,,,,,
,SKIP Language,http://skiplang.com/,https://github.com/skiplang/skip,skip.svg,https://www.crunchbase.com/organization/facebook,,Programming,Programming,,,,,,,
,Stan,https://mc-stan.org/,https://github.com/stan-dev/stan,stan.svg,https://www.crunchbase.com/organization/numfocus,https://twitter.com/mcmc_stan,Programming,Programming,,,,,,,
,Apache Ambari,https://ambari.apache.org/,https://github.com/apache/ambari,apache-ambari.svg,https://www.crunchbase.com/organization/apache,https://twitter.com/ApacheAmbari,Distributed Computing,Computing & Management,,,,,,,
,Apache Bahir,https://bahir.apache.org,https://github.com/apache/bahir,apache-bahir.svg,https://www.crunchbase.com/organization/apache,,Distributed Computing,Computing & Management,,,,,,,
,Apache Mesos,https://mesos.apache.org,https://github.com/apache/mesos,apache-mesos.svg,https://www.crunchbase.com/organization/apache,https://twitter.com/ApacheMesos,Distributed Computing,Computing & Management,,,,,,,
,Apache Ranger,https://ranger.apache.org,https://github.com/apache/ranger,apache-ranger.svg,https://www.crunchbase.com/organization/apache,,Distributed Computing,Computing & Management,,,,,,,
,Apache Spark,https://spark.apache.org,https://github.com/apache/spark,spark.svg,https://www.crunchbase.com/organization/apache,https://twitter.com/apachespark,Distributed Computing,Computing & Management,,,,,,,
,Apache Storm,https://storm.apache.org,https://github.com/apache/storm,apache-storm.svg,https://www.crunchbase.com/organization/apache,https://twitter.com/ApacheStorm,Distributed Computing,Computing & Management,,,,,,,
,Elastic Deep Learning (EDL),https://elasticdeeplearning.ai/,https://github.com/elasticdeeplearning/edl,edl.svg,https://www.crunchbase.com/organization/lf-artificial-intelligence-foundation,,Distributed Computing,Computing & Management,incubating,,,,,,
,Generic Neural Elastic Search (GNES),https://github.com/gnes-ai/gnes,https://github.com/gnes-ai/gnes,gnes.svg,https://www.crunchbase.com/organization/tencent,,Distributed Computing,Computing & Management,,,,,,,
,genie,https://netflix.github.io/genie,https://github.com/Netflix/genie,genie.svg,https://www.crunchbase.com/organization/netflix,,Distributed Computing,Computing & Management,,,,,,,
,GraphScope,https://graphscope.io,https://github.com/alibaba/graphscope,graphscope.svg,https://www.crunchbase.com/organization/alibaba,,Distributed Computing,Computing & Management,,,A One-Stop Large-Scale Graph Computing System from Alibaba,,,,
,Kubernetes,https://kubernetes.io/,https://github.com/kubernetes/kubernetes,kubernetes.svg,https://www.crunchbase.com/organization/cloud-native-computing-foundation,https://twitter.com/kubernetesio,Distributed Computing,Computing & Management,,,"Kubernetes is an open-source system for automating deployment, scaling, and management of containerized applications",,,,
,Nauta,https://www.intel.com/content/www/us/en/artificial-intelligence/overview.html,https://github.com/IntelAI/Nauta,nauta.svg,https://www.crunchbase.com/organization/intel,https://twitter.com/IntelAI,Distributed Computing,Computing & Management,,,,,,,
,OpenShift,https://www.redhat.com/en/technologies/cloud-computing/openshift,https://github.com/openshift/origin,openshift.svg,https://www.crunchbase.com/organization/red-hat,https://twitter.com/openshift,Distributed Computing,Computing & Management,,,,,,,
,Singularity,https://sylabs.io/,https://github.com/apptainer/singularity,singularity.svg,https://www.crunchbase.com/organization/sylabs,https://twitter.com/SingularityApp,Distributed Computing,Computing & Management,,,,,,,
,SOAJS,https://www.soajs.org/,https://github.com/soajs/soajs,soajs.svg,https://www.crunchbase.com/organization/lf-artificial-intelligence-foundation,https://twitter.com/soajsorg,Distributed Computing,Computing & Management,incubating,,,,,,
,Apache Toree,https://toree.apache.org,https://github.com/apache/incubator-toree,apache-toree.svg,https://www.crunchbase.com/organization/apache,,Distributed Computing,Interface,,,,,,,
,Livy,https://livy.incubator.apache.org/,https://github.com/apache/incubator-livy,apache-livy.svg,https://www.crunchbase.com/organization/apache,,Distributed Computing,Interface,,,,,,,
,sparklyr,https://sparklyr.ai,https://github.com/sparklyr/sparklyr,sparklyr.svg,https://www.crunchbase.com/organization/lf-artificial-intelligence-foundation,,Distributed Computing,Interface,incubating,,,,,,
,AI Explainability 360 Toolkit,http://aix360.mybluemix.net,https://github.com/Trusted-AI/AIX360,aix360.svg,https://www.crunchbase.com/organization/lf-artificial-intelligence-foundation,,Trusted & Responsible AI,Explainability,incubating,,,,,,
,ALIBI,https://docs.seldon.io/projects/alibi/en/stable,https://github.com/SeldonIO/alibi,alibi.svg,https://www.crunchbase.com/organization/seldon,,Trusted & Responsible AI,Explainability,,,,,,,
,ELI5,https://eli5.readthedocs.io/en/latest,https://github.com/TeamHG-Memex/eli5,eli5.svg,https://www.crunchbase.com/organization/scrapinghub,,Trusted & Responsible AI,Explainability,,,,,,,
,InterpretML,https://github.com/interpretml/interpret,https://github.com/interpretml/interpret,interpretml.svg,https://www.crunchbase.com/organization/microsoft,,Trusted & Responsible AI,Explainability,,,,,,,
,LIME,https://homes.cs.washington.edu/~marcotcr/blog/lime/,https://github.com/marcotcr/lime,lime.svg,https://www.crunchbase.com/organization/university-of-washington,,Trusted & Responsible AI,Explainability,,,,,,,
,Lucid,https://github.com/tensorflow/lucid,https://github.com/tensorflow/lucid,lucid.svg,https://www.crunchbase.com/organization/google,,Trusted & Responsible AI,Explainability,,,,,,,
,SHAP,https://github.com/slundberg/shap,https://github.com/slundberg/shap,shap.svg,https://www.crunchbase.com/organization/university-of-washington,,Trusted & Responsible AI,Explainability,,,,,,,
,Skater,https://oracle.github.io/Skater/overview.html,https://github.com/oracle/Skater,skater.svg,https://www.crunchbase.com/organization/oracle,,Trusted & Responsible AI,Explainability,,,,,,,
,TreeInterpreter,https://github.com/andosa/treeinterpreter,https://github.com/andosa/treeinterpreter,treeinterpreter.svg,https://www.crunchbase.com/organization/mtakso,,Trusted & Responsible AI,Explainability,,,,,,,
,AdvBox,https://github.com/advboxes/AdvBox,https://github.com/advboxes/AdvBox,advbox.svg,https://www.crunchbase.com/organization/baidu,,Trusted & Responsible AI,Adversarial,,,,,,,
,Adversarial Robustness Toolkit,https://developer.ibm.com/open/projects/adversarial-robustness-toolbox/,https://github.com/Trusted-AI/adversarial-robustness-toolbox,art.svg,https://www.crunchbase.com/organization/lf-artificial-intelligence-foundation,,Trusted & Responsible AI,Adversarial,graduated,,,,,,
,Advertorch,https://advertorch.readthedocs.io/en/latest/,https://github.com/BorealisAI/advertorch,advertorch.svg,https://www.crunchbase.com/organization/royal-bank-of-canada,,Trusted & Responsible AI,Adversarial,,,,,,,
,CleverHans,http://www.cleverhans.io/,https://github.com/cleverhans-lab/cleverhans,cleverhans.svg,https://www.crunchbase.com/organization/cleverhans-project,,Trusted & Responsible AI,Adversarial,,,,,,,
,Foolbox,https://foolbox.readthedocs.io/en/latest/,https://github.com/bethgelab/foolbox,foolbox.svg,https://www.crunchbase.com/organization/tuebingen-university,https://twitter.com/bethgelab,Trusted & Responsible AI,Adversarial,,,,,,,
,Aequitas,http://www.datasciencepublicpolicy.org/our-work/tools-guides/aequitas,https://github.com/dssg/aequitas,aequitas.svg,https://www.crunchbase.com/organization/university-of-chicago,,Trusted & Responsible AI,Bias & Fairness,,,,,,,
,AI Fairness 360 Toolkit,https://developer.ibm.com/open/projects/ai-fairness-360/,https://github.com/Trusted-AI/AIF360,aif360.svg,https://www.crunchbase.com/organization/lf-artificial-intelligence-foundation,,Trusted & Responsible AI,Bias & Fairness,incubating,,,,,,
,Audit AI,https://github.com/pymetrics/audit-ai,https://github.com/pymetrics/audit-ai,audit-ai.svg,https://www.crunchbase.com/organization/pymetrics,,Trusted & Responsible AI,Bias & Fairness,,,,,,,
,DeepLIFT,https://github.com/kundajelab/deeplift,https://github.com/kundajelab/deeplift,deeplift.svg,https://www.crunchbase.com/organization/stanford-university,,Trusted & Responsible AI,Bias & Fairness,,,,,,,
,Fainlearn,https://fairlearn.org,https://github.com/fairlearn/fairlearn,fairlearn.svg,https://www.crunchbase.com/organization/microsoft,,Trusted & Responsible AI,Bias & Fairness,,,,,,,
,Apache Zeppelin,https://zeppelin.apache.org/,https://github.com/apache/zeppelin,apache-zeppelin.svg,https://www.crunchbase.com/organization/apache,https://twitter.com/ApacheZeppelin,Notebook Environment,Notebook Environment,,,,,,,
,BeakerX,http://beakerx.com/,https://github.com/twosigma/beakerx,beakerx.svg,https://www.crunchbase.com/organization/two-sigma-investments,https://twitter.com/BeakerXNotebook,Notebook Environment,Notebook Environment,,,,,,,
,Colaboratory,https://colab.research.google.com/notebooks/welcome.ipynb,https://github.com/googlecolab/colabtools,colab.svg,https://www.crunchbase.com/organization/google,,Notebook Environment,Notebook Environment,,,,,,,
,Elyra,https://elyra.readthedocs.io/en/latest,https://github.com/elyra-ai/elyra,elyra.svg,https://www.crunchbase.com/organization/lf-artificial-intelligence-foundation,,Notebook Environment,Notebook Environment,sandbox,,,,,,
,envd,https://envd.tensorchord.ai/,https://github.com/tensorchord/envd,envd.svg,https://www.crunchbase.com/organization/tensorchord,https://twitter.com/TensorChord,Notebook Environment,Notebook Environment,,,,,,,
,IPython,https://ipython.org/,https://github.com/ipython/ipython,ipython.svg,https://www.crunchbase.com/organization/ipython,https://twitter.com/IPythonDev,Notebook Environment,Notebook Environment,,,,,,,
,Jupyter Notebooks,https://jupyter.org/,https://github.com/jupyter/notebook,jupyter-notebooks.svg,https://www.crunchbase.com/organization/numfocus,https://twitter.com/ProjectJupyter,Notebook Environment,Notebook Environment,,,,,,,
,PixieDust,https://www.ibm.com/cloud,https://github.com/pixiedust/pixiedust,pixiedust.svg,https://www.crunchbase.com/organization/ibm,,Notebook Environment,Notebook Environment,,,,,,,
,Polynote,https://polynote.org,https://github.com/polynote/polynote,polynote.svg,https://www.crunchbase.com/organization/netflix,,Notebook Environment,Notebook Environment,,,,,,,
,rmarkdown,https://rmarkdown.rstudio.com,https://github.com/rstudio/rmarkdown,rmarkdown.svg,https://www.crunchbase.com/organization/rstudio,,Notebook Environment,Notebook Environment,,,,,,,
,Stencila,https://stenci.la,https://github.com/stencila/stencila,stencila.svg,https://www.crunchbase.com/organization/stencila,,Notebook Environment,Notebook Environment,,,,,,,
,Streamlit,https://www.streamlit.io,https://github.com/streamlit/streamlit,streamlit.svg,https://www.crunchbase.com/organization/streamlit,,Notebook Environment,Notebook Environment,,,,,,,
,Differential Privacy Library,https://github.com/google/differential-privacy,https://github.com/google/differential-privacy,differentialprivacy.svg,https://www.crunchbase.com/organization/google,,Security & Privacy,Security & Privacy,,,,,,,
,HE Lib,https://github.com/homenc/HElib,https://github.com/homenc/HElib,helib.svg,https://www.crunchbase.com/organization/ibm,,Security & Privacy,Security & Privacy,,,,,,,
,SEAL,https://www.microsoft.com/en-us/research/project/microsoft-seal/,https://github.com/microsoft/SEAL,seal.svg,https://www.crunchbase.com/organization/microsoft,,Security & Privacy,Security & Privacy,,,,,,,
,TensorFlow Privacy,https://github.com/tensorflow/privacy,https://github.com/tensorflow/privacy,tf_privacy.svg,https://www.crunchbase.com/organization/google,,Security & Privacy,Security & Privacy,,,,,,,
,TF Encrypted,https://tf-encrypted.io,https://github.com/tf-encrypted/tf-encrypted,tf_encrypted.svg,https://www.crunchbase.com/organization/google,,Security & Privacy,Security & Privacy,,,,,,,
,"Beijing Baidu Netcom Science Technology Co., Ltd.",https://baidu.com/,,beijing_baidu_netcom_science_technology_co_ltd.svg,https://www.crunchbase.com/organization/baidu,https://twitter.com/Baidu_Inc,LF AI & Data Member Company,Premier,,,,,,,
,Ericsson,https://ericsson.com/,,ericsson.svg,https://www.crunchbase.com/organization/ericsson,https://twitter.com/ericsson,LF AI & Data Member Company,Premier,,,,,,,
,"Guangdong OPPO Mobile Telecommunications Corp., Ltd.",https://oppo.com/,,guangdong_oppo_mobile_telecommunications_corp_ltd.svg,https://www.crunchbase.com/organization/oppo,https://twitter.com/oppo,LF AI & Data Member Company,Premier,,,,,,,
,"Huawei Technologies Co., Ltd",https://huawei.com/,,huawei_technologies_co_ltd.svg,https://www.crunchbase.com/organization/huawei,https://twitter.com/Huawei,LF AI & Data Member Company,Premier,,,,,,,
,Nokia Corporation,https://nokia.com/,,nokia_corporation.svg,https://www.crunchbase.com/organization/nokia,https://twitter.com/nokia,LF AI & Data Member Company,Premier,,,,NOK,,,
,SAS Institute Inc.,https://sas.com/,,sas_institute_inc.svg,https://www.crunchbase.com/organization/sas,https://twitter.com/SASsoftware,LF AI & Data Member Company,Premier,,,,,,,
,"The 4th Paradigm Technology Co., Ltd",https://4paradigm.com/,,the_4th_paradigm_technology_co_ltd.svg,https://www.crunchbase.com/organization/paradigm4,,LF AI & Data Member Company,Premier,,,,,,,
,ZTE Corporation,https://zte.com.cn/,,zte_corporation.svg,https://www.crunchbase.com/organization/zte-corporation,https://twitter.com/ZTEPress,LF AI & Data Member Company,Premier,,,,,,,
,Alibaba Cloud (Singapore) Private LTD,https://alibaba-inc.com/,,alibaba_cloud_singapore_private_ltd.svg,https://www.crunchbase.com/organization/alibaba-cloud,https://twitter.com/AlibabaB2B,LF AI & Data Member Company,General,,,,,,,
,Astronomer,https://astronomer.io/,,astronomer.svg,https://www.crunchbase.com/organization/astronomer,https://twitter.com/astronomerio,LF AI & Data Member Company,General,,,,,,,
,BasicAI,https://basic.ai/,,basicai.svg,,https://twitter.com/BasicAIteam,LF AI & Data Member Company,General,,,,,,,BasicAI
,"Beijing Primitive Technology Co., Ltd",https://primihub.com/,,beijing_primitive_technology_co_ltd.svg,https://www.crunchbase.com/organization/primitive-technology,,LF AI & Data Member Company,General,,,,,,,
,Broadcom Corporation,https://broadcom.com/,,broadcom_corporation.svg,https://www.crunchbase.com/organization/broadcom,https://twitter.com/Broadcom,LF AI & Data Member Company,General,,,,,,,
,"Cloudera, Inc.",https://cloudera.com/,,cloudera_inc.svg,https://www.crunchbase.com/organization/cloudera,https://twitter.com/cloudera,LF AI & Data Member Company,General,,,,,,,
,CSDN (Beijing) Network Technology Co. Ltd,https://csdn.net/,,csdn_beijing_network_technology_co_ltd.svg,https://www.crunchbase.com/organization/csdn,,LF AI & Data Member Company,General,,,,,,,
,Databricks Inc.,https://databricks.com/,,databricks_inc.svg,https://www.crunchbase.com/organization/databricks,https://twitter.com/databricks,LF AI & Data Member Company,General,,,,,,,
,DMetaSoul,https://dmetasoul.com/,,dmetasoul.svg,,,LF AI & Data Member Company,General,,,,,,,DMetaSoul
,Fujitsu Limited,https://fujitsu.com/,,fujitsu_limited.svg,https://www.crunchbase.com/organization/fujitsu,https://twitter.com/Fujitsu_Global,LF AI & Data Member Company,General,,,,,,,
,"FuriosaAI, Inc.",https://furiosa.ai/,,furiosaai_inc.svg,,,LF AI & Data Member Company,General,,,,,,,"FuriosaAI, Inc."
,GRAVITI TECHNOLOGIES INC,https://graviti.com/,,graviti_technologies_inc.svg,https://www.crunchbase.com/organization/graviti,https://twitter.com/graviti_ai,LF AI & Data Member Company,General,,,,,,,
,ING Group,https://ing.com/,,ing_group.svg,https://www.crunchbase.com/organization/ing-group,https://twitter.com/ING_news,LF AI & Data Member Company,General,,,,,,,
,International Business Machines Corporation,https://ibm.com/,,international_business_machines_corporation.svg,https://www.crunchbase.com/organization/ibm,https://twitter.com/IBM,LF AI & Data Member Company,General,,,,,,,
,Jina AI Limited,https://jina.ai/,,jina_ai_limited.svg,,https://twitter.com/JinaAI_,LF AI & Data Member Company,General,,,,,,,Jina AI Limited
,"Precisely Holdings, LLC",https://precisely.com/,,precisely_holdings_llc.svg,https://www.crunchbase.com/organization/precisely,https://twitter.com/PreciselyData,LF AI & Data Member Company,General,,,,,,,
,"Red Hat, Inc.",https://redhat.com/,,red_hat_inc.svg,https://www.crunchbase.com/organization/red-hat,https://twitter.com/RedHat,LF AI & Data Member Company,General,,,,,,,
,RStudio PBC,https://rstudio.com/,,rstudio_pbc.svg,https://www.crunchbase.com/organization/rstudio,https://twitter.com/posit_pbc,LF AI & Data Member Company,General,,,,,,,
,Union.ai,https://union.ai/,,unionai.svg,https://www.crunchbase.com/organization/union-ai,https://twitter.com/union_ai,LF AI & Data Member Company,General,,,,,,,
,"VMware, Inc.",https://vmware.com/,,vmware_inc.svg,https://www.crunchbase.com/organization/vmware,https://twitter.com/VMware,LF AI & Data Member Company,General,,,,,,,
,Zilliz,https://zilliz.com/,,zilliz.svg,https://www.crunchbase.com/organization/zilliz,https://twitter.com/zilliz_universe,LF AI & Data Member Company,General,,,,,,,
,AI for People,https://aiforpeople.org/,,ai_for_people.svg,https://www.crunchbase.com/organization/ai-for-people,https://twitter.com/AIforPeople,LF AI & Data Member Company,Associate,,,,,,,
,"Aivancity School for Technology, Business & Society Paris-Cachan",https://aivancity.ai/,,aivancity_school_for_technology_business__society_paris-cachan.svg,https://www.crunchbase.com/organization/aivancity-school-for-technology-business-society,https://twitter.com/aivancityschool,LF AI & Data Member Company,Associate,,,,,,,
,Ambianic.ai,https://ambianic.ai/,,ambianicai.svg,https://www.crunchbase.com/organization/ambianic,https://twitter.com/ambianicai,LF AI & Data Member Company,Associate,,,,,,,
,baai,https://baai.ac.cn/,,baai.svg,https://www.crunchbase.com/organization/baai,,LF AI & Data Member Company,Associate,,,,,,,
,Banque de France,https://banque-france.fr/,,banque_de_france.svg,https://www.crunchbase.com/organization/banque-de-france,https://twitter.com/banquedefrance,LF AI & Data Member Company,Associate,,,,,,,
,Chaitanya Bharathi Institute Of Technology,https://cbit.ac.in/,,chaitanya_bharathi_institute_of_technology.svg,https://www.crunchbase.com/organization/chaitanya-bharathi-institute-of-technology,https://twitter.com/CBIThyd,LF AI & Data Member Company,Associate,,,,,,,
,Ersilia Open Source Initiative,https://ersilia.io/,,ersilia_open_source_initiative.svg,,https://twitter.com/ersiliaio,LF AI & Data Member Company,Associate,,,,,,,Ersilia Open Source Initiative
,Ewha Institute for Biomedical Law & Ethics,https://my.ewha.ac.kr/,,ewha_institute_for_biomedical_law__ethics.svg,https://www.crunchbase.com/organization/ewha-womans-university,,LF AI & Data Member Company,Associate,,,,,,,
,Galgotias University,https://galgotiasuniversity.edu.in/,,galgotias_university.svg,https://www.crunchbase.com/organization/galgotias-university,https://twitter.com/iicgalgotiasuni,LF AI & Data Member Company,Associate,,,,,,,
,High School Technology Services,https://myhsts.org/,,high_school_technology_services.svg,https://www.crunchbase.com/organization/high-school-technical-services,https://twitter.com/MyHSTS,LF AI & Data Member Company,Associate,,,,,,,
,ISSIP,https://issip.org/,,issip.svg,https://www.crunchbase.com/organization/international-society-of-service-innovation-professionals,https://twitter.com/The_ISSIP,LF AI & Data Member Company,Associate,,,,,,,
,Ken Kennedy Institute,https://kenkennedy.rice.edu/,,ken_kennedy_institute.svg,https://www.crunchbase.com/organization/ken-kennedy-institute,https://twitter.com/RiceUniversity,LF AI & Data Member Company,Associate,,,,,,,
,Montreal AI Ethics Institute,https://montrealethics.ai/,,montreal_ai_ethics_institute.svg,https://www.crunchbase.com/organization/montreal-ai-ethics-institute,https://twitter.com/mtlaiethics,LF AI & Data Member Company,Associate,,,,,,,
,New York University,https://nyu.edu/,,new_york_university.svg,https://www.crunchbase.com/organization/new-york-university,https://twitter.com/nyuniversity,LF AI & Data Member Company,Associate,,,,,,,
,NIPA,https://nipa.kr/,,nipa.svg,https://www.crunchbase.com/organization/national-it-industry-promotion-agency,https://twitter.com/NIPAkr,LF AI & Data Member Company,Associate,,,,,,,
,OpenI,https://pcl.ac.cn/,,openi.svg,https://www.crunchbase.com/organization/openi,,LF AI & Data Member Company,Associate,,,,,,,
,OpenUK,https://openuk.uk/,,openuk.svg,https://www.crunchbase.com/organization/openuk,https://twitter.com/openuk_uk,LF AI & Data Member Company,Associate,,,Where the UKs Open communities meet and collaborate,,,,
,Penn State Great Valley - The Pennsylvania State University,https://greatvalley.psu.edu/,,penn_state_great_valley_-_the_pennsylvania_state_university.svg,https://www.crunchbase.com/organization/pennsylvania-state-university,https://twitter.com/penn_state,LF AI & Data Member Company,Associate,,,,,,,
,Pranveer Singh Institute Of Technology,https://psit.ac.in/,,pranveer_singh_institute_of_technology.svg,https://www.crunchbase.com/organization/pranveer-singh-institute-of-technology,https://twitter.com/PSITKanpur2004,LF AI & Data Member Company,Associate,,,,,,,
,QuantUniversity,https://quantuniversity.com/,,quantuniversity.svg,https://www.crunchbase.com/organization/quantitative-insights,https://twitter.com/quantUniversity,LF AI & Data Member Company,Associate,,,,,,,
,Sahyadri College of Engineering & Management,https://sahyadri.edu.in/,,sahyadri_college_of_engineering__management.svg,https://www.crunchbase.com/organization/sahyadri-college-of-engineering-and-management,https://twitter.com/sahyadri_campus,LF AI & Data Member Company,Associate,,,,,,,
,Shanghai OpenSource Information Technology Association,https://shanghaiopen.org.cn/,,shanghai_opensource_information_technology_association.svg,https://www.crunchbase.com/organization/shanghai-opensource-information-technology-association,,LF AI & Data Member Company,Associate,,,,,,,
,The Institute for Ethical AI & Machine Learning,https://ethical.institute/,,the_institute_for_ethical_ai__machine_learning.svg,https://www.crunchbase.com/organization/the-institute-for-ethical-ai-machine-learning,https://twitter.com/EthicalML,LF AI & Data Member Company,Associate,,,,,,,
,Universit Libre de Tunis,https://ult-tunisie.com/,,universite_libre_de_tunis.svg,https://www.crunchbase.com/organization/universit%C3%A9-libre-de-tunis,https://twitter.com/ULT_Tunisie,LF AI & Data Member Company,Associate,,,,,,,
,University of Washington,https://uw.edu/,,university_of_washington.svg,https://www.crunchbase.com/organization/university-of-washington,https://twitter.com/UW,LF AI & Data Member Company,Associate,,,,,,,
,XPRIZE,https://xprize.org/,,xprize.svg,https://www.crunchbase.com/organization/x-prize-foundation,https://twitter.com/xprize,LF AI & Data Member Company,Associate,,,,,,,
,Intel(hosting),https://intel.com,,intel.svg,https://www.crunchbase.com/organization/intel,,Hosting Companies,Hosting Companies,,,,,,,
,BasicAI(hosting),https://basic.ai/,,basicai.svg,https://www.crunchbase.com/organization/basicai,,Hosting Companies,Hosting Companies,,,,,,,
,JINA AI(hosting),https://jina.ai/,,jina-ai.svg,https://www.crunchbase.com/organization/jina-ai,,Hosting Companies,Hosting Companies,,,,,,,
,Owkin(hosting),https://owkin.com/,,owkin.svg,https://www.crunchbase.com/organization/owkin-2,,Hosting Companies,Hosting Companies,,,,,,,
,Amazon (hosting),https://amazon.com/,,amazon.svg,https://www.crunchbase.com/organization/amazon,,Hosting Companies,Hosting Companies,,,,,,,
,AT&T (hosting),https://att.com/,,att.svg,https://www.crunchbase.com/organization/at-t,,Hosting Companies,Hosting Companies,,,,,,,
,BAAI (hosting),https://baai.ac.cn/,,baai.svg,https://www.crunchbase.com/organization/baai,,Hosting Companies,Hosting Companies,,,,,,,
,Baidu (hosting),https://www.baidu.com/,,baidu.svg,https://www.crunchbase.com/organization/baidu,https://twitter.com/Baidu_Inc,Hosting Companies,Hosting Companies,,,,,,,
,Bloomberg (hosting),https://www.bloomberg.com/tosv2.html,,bloomberg.svg,https://www.crunchbase.com/organization/bloomberg,,Hosting Companies,Hosting Companies,,,,,,,
,data.world (hosting),https://data.world/,,dataworld.svg,https://www.crunchbase.com/organization/data-world,,Hosting Companies,Hosting Companies,,,,,,,
,Datakin (hosting),https://datakin.com/,,datakin.svg,https://www.crunchbase.com/organization/datakin,,Hosting Companies,Hosting Companies,,,,,,,
,DiDi (hosting),https://www.didiglobal.com/,,didi.svg,https://www.crunchbase.com/organization/zte-corporation,https://twitter.com/didiglobal,Hosting Companies,Hosting Companies,,,,,,,
,Dreamworks (hosting),https://dreamworks.com/,,dreamworks.svg,https://www.crunchbase.com/organization/dreamworks-animation,,Hosting Companies,Hosting Companies,,,,,,,
,GRAVITI TECHNOLOGIES INC (hosting),https://graviti.com/,,graviti_technologies_inc.svg,https://www.crunchbase.com/organization/graviti,https://twitter.com/graviti_ai,Hosting Companies,Hosting Companies,,,,,,,
,Herron Tech (hosting),https://www.herrontech.com/,,herrontech.svg,https://www.crunchbase.com/organization/herron-techology-llc,,Hosting Companies,Hosting Companies,,,,,,,
,IBM (hosting),https://www.ibm.com/us-en/?ar=1,,ibm.svg,https://www.crunchbase.com/organization/ibm,https://twitter.com/ibm,Hosting Companies,Hosting Companies,,,,,,,
,Labelia Labs (hosting),https://labelia.org/,,labelia.svg,https://www.crunchbase.com/organization/labelia-labs,,Hosting Companies,Hosting Companies,,,,,,,
,LinkedIn (hosting),https://www.linkedin.com/,,linkedin.svg,https://www.crunchbase.com/organization/linkedin,,Hosting Companies,Hosting Companies,,,,,,,
,Lyft (hosting),https://www.lyft.com,,lyft.svg,https://www.crunchbase.com/organization/lyft,,Hosting Companies,Hosting Companies,,,,,,,
,Meta (hosting),https://m.facebook.com,,meta.svg,https://www.crunchbase.com/organization/facebook,,Hosting Companies,Hosting Companies,,,,,,,
,Microsoft (hosting),https://www.microsoft.com/en-us,,microsoft.svg,https://www.crunchbase.com/organization/microsoft,,Hosting Companies,Hosting Companies,,,,,,,
,oojek (hosting),https://www.gojek.com/en-id,,gojek.svg,https://www.crunchbase.com/organization/go-jek,https://twitter.com/gojekindonesia,Hosting Companies,Hosting Companies,,,,,,,
,QuantumBlack Labs (hosting),https://www.mckinsey.com/business-functions/quantumblack/labs,,QuantumBlack.svg,https://www.crunchbase.com/organization/quantumblack,,Hosting Companies,Hosting Companies,,,,,,,
,RStudio (hosting),https://rstudio.com,,rstudio.svg,https://www.crunchbase.com/organization/rstudio,,Hosting Companies,Hosting Companies,,,,,,,
,Samsung(hosting),https://www.samsung.com/us/smartphones/galaxy-note20-5g,,samsung.svg,https://www.crunchbase.com/organization/samsung-electronics,,Hosting Companies,Hosting Companies,,,,,,,
,Tech Mahindra (hosting),https://www.techmahindra.com/en-in,,tech-mahindra.svg,https://www.crunchbase.com/organization/tech-mahindra,https://twitter.com/tech_mahindra,Hosting Companies,Hosting Companies,,,,,,,
,Tencent (hosting),https://www.tencent.com/zh-cn/index.html,,tencent.svg,https://www.crunchbase.com/organization/tencent,,Hosting Companies,Hosting Companies,,,,,,,
,The Institute for Ethical AI & Machine Learning (hosting),https://ethical.institute/,,the_institute_for_ethical_ai__machine_learning.svg,https://www.crunchbase.com/organization/the-institute-for-ethical-ai-machine-learning,,Hosting Companies,Hosting Companies,,,,,,,
,Uber (hosting),https://www.uber.com/hk/zh-hk,,uber.svg,https://www.crunchbase.com/organization/uber,,Hosting Companies,Hosting Companies,,,,,,,
,WeWork (hosting),https://wework.com/,,wework.svg,https://www.crunchbase.com/organization/wework-857c,,Hosting Companies,Hosting Companies,,,,,,,
,Zilliz (hosting),https://zilliz.com,,zilliz.svg,https://www.crunchbase.com/organization/zilliz,,Hosting Companies,Hosting Companies,,,,,,,
,ZTE (hosting),https://www.zte.com.cn/global,,zte.svg,https://www.crunchbase.com/organization/zte-corporation,https://twitter.com/ztepress,Hosting Companies,Hosting Companies,,,,,,,
,DMetaSoul (hosting),https://dmetasoul.com/,,dmetasoul.svg,https://www.crunchbase.com/organization/dmetasoul,,Hosting Companies,Hosting Companies,,,,,,,
